image_path,nom_fichier,region,texte_ocr,confiance_ocr,categorie,raison,score,dest_path
C:\Users\ibnal\Desktop\PROJET IA X3\Automatic Number Plate Recognition\Automatic Number Plate Recognition\Number Plates\Ashanti Region\2023_02_02_04_00_IMG_7399.JPG,2023_02_02_04_00_IMG_7399.JPG,Ashanti Region,ASO8638-20,0.8446,CONFORME,format_valide_ocr_confiant,0.8446,data/processed/sorted_plates\conformes\ASO8638_20_2023_02_02_04_00_IMG_7399.JPG
C:\Users\ibnal\Desktop\PROJET IA X3\Automatic Number Plate Recognition\Automatic Number Plate Recognition\Number Plates\Ashanti Region\2023_02_02_04_00_IMG_7400.JPG,2023_02_02_04_00_IMG_7400.JPG,Ashanti Region,SHOWERSL,0.8425,DOUTEUSE,format_invalide_sans_mixte,0.8425,data/processed/sorted_plates\douteuses\SHOWERSL_2023_02_02_04_00_IMG_7400.JPG
C:\Users\ibnal\Desktop\PROJET IA X3\Automatic Number Plate Recognition\Automatic Number Plate Recognition\Number Plates\Ashanti Region\2023_02_02_04_00_IMG_7401.JPG,2023_02_02_04_00_IMG_7401.JPG,Ashanti Region,SHOWERS,0.9998,DOUTEUSE,format_invalide_sans_mixte,0.9998,data/processed/sorted_plates\douteuses\SHOWERS_2023_02_02_04_00_IMG_7401.JPG
C:\Users\ibnal\Desktop\PROJET IA X3\Automatic Number Plate Recognition\Automatic Number Plate Recognition\Number Plates\Ashanti Region\2023_02_02_04_01_IMG_7407.JPG,2023_02_02_04_01_IMG_7407.JPG,Ashanti Region,8311-22,0.9999,DOUTEUSE,format_invalide_sans_mixte,0.9999,data/processed/sorted_plates\douteuses\8311_22_2023_02_02_04_01_IMG_7407.JPG
C:\Users\ibnal\Desktop\PROJET IA X3\Automatic Number Plate Recognition\Automatic Number Plate Recognition\Number Plates\Ashanti Region\2023_02_02_04_01_IMG_7409.JPG,2023_02_02_04_01_IMG_7409.JPG,Ashanti Region,ARSUS,0.3418,DOUTEUSE,format_invalide_sans_mixte,0.3418,data/processed/sorted_plates\douteuses\ARSUS_2023_02_02_04_01_IMG_7409.JPG
C:\Users\ibnal\Desktop\PROJET IA X3\Automatic Number Plate Recognition\Automatic Number Plate Recognition\Number Plates\Ashanti Region\2023_02_02_04_01_IMG_7411.JPG,2023_02_02_04_01_IMG_7411.JPG,Ashanti Region,DVLA,0.9999,DOUTEUSE,format_invalide_sans_mixte,0.9999,data/processed/sorted_plates\douteuses\DVLA_2023_02_02_04_01_IMG_7411.JPG
C:\Users\ibnal\Desktop\PROJET IA X3\Automatic Number Plate Recognition\Automatic Number Plate Recognition\Number Plates\Ashanti Region\2023_02_02_04_01_IMG_7412.JPG,2023_02_02_04_01_IMG_7412.JPG,Ashanti Region,LOA,0.801,DOUTEUSE,texte_trop_court,0.801,data/processed/sorted_plates\douteuses\LOA_2023_02_02_04_01_IMG_7412.JPG
C:\Users\ibnal\Desktop\PROJET IA X3\Automatic Number Plate Recognition\Automatic Number Plate Recognition\Number Plates\Ashanti Region\2023_02_02_04_01_IMG_7416.JPG,2023_02_02_04_01_IMG_7416.JPG,Ashanti Region,6422,0.9986,DOUTEUSE,format_invalide_sans_mixte,0.9986,data/processed/sorted_plates\douteuses\6422_2023_02_02_04_01_IMG_7416.JPG
C:\Users\ibnal\Desktop\PROJET IA X3\Automatic Number Plate Recognition\Automatic Number Plate Recognition\Number Plates\Ashanti Region\2023_02_02_04_01_IMG_7417.JPG,2023_02_02_04_01_IMG_7417.JPG,Ashanti Region,6422,0.9988,DOUTEUSE,format_invalide_sans_mixte,0.9988,data/processed/sorted_plates\douteuses\6422_2023_02_02_04_01_IMG_7417.JPG
C:\Users\ibnal\Desktop\PROJET IA X3\Automatic Number Plate Recognition\Automatic Number Plate Recognition\Number Plates\Ashanti Region\2023_02_02_04_02_IMG_7418.JPG,2023_02_02_04_02_IMG_7418.JPG,Ashanti Region,ACO1162-16,0.9387,CONFORME,format_valide_ocr_confiant,0.9387,data/processed/sorted_plates\conformes\ACO1162_16_2023_02_02_04_02_IMG_7418.JPG
C:\Users\ibnal\Desktop\PROJET IA X3\Automatic Number Plate Recognition\Automatic Number Plate Recognition\Number Plates\Ashanti Region\2023_02_02_04_02_IMG_7419.JPG,2023_02_02_04_02_IMG_7419.JPG,Ashanti Region,ACO1162-16,0.995,CONFORME,format_valide_ocr_confiant,0.995,data/processed/sorted_plates\conformes\ACO1162_16_2023_02_02_04_02_IMG_7419.JPG
C:\Users\ibnal\Desktop\PROJET IA X3\Automatic Number Plate Recognition\Automatic Number Plate Recognition\Number Plates\Ashanti Region\2023_02_02_04_54_IMG_7580.JPG,2023_02_02_04_54_IMG_7580.JPG,Ashanti Region,TAXI,0.9937,DOUTEUSE,format_invalide_sans_mixte,0.9937,data/processed/sorted_plates\douteuses\TAXI_2023_02_02_04_54_IMG_7580.JPG
C:\Users\ibnal\Desktop\PROJET IA X3\Automatic Number Plate Recognition\Automatic Number Plate Recognition\Number Plates\Ashanti Region\2023_02_02_05_45_IMG_7632.JPG,2023_02_02_05_45_IMG_7632.JPG,Ashanti Region,SHOP,0.6969,DOUTEUSE,format_invalide_sans_mixte,0.6969,data/processed/sorted_plates\douteuses\SHOP_2023_02_02_05_45_IMG_7632.JPG
C:\Users\ibnal\Desktop\PROJET IA X3\Automatic Number Plate Recognition\Automatic Number Plate Recognition\Number Plates\Ashanti Region\2023_02_02_10_24_IMG_7711.JPG,2023_02_02_10_24_IMG_7711.JPG,Ashanti Region,HYUNDAI,0.7421,DOUTEUSE,format_invalide_sans_mixte,0.7421,data/processed/sorted_plates\douteuses\HYUNDAI_2023_02_02_10_24_IMG_7711.JPG
C:\Users\ibnal\Desktop\PROJET IA X3\Automatic Number Plate Recognition\Automatic Number Plate Recognition\Number Plates\Ashanti Region\2023_02_02_10_24_IMG_7712.JPG,2023_02_02_10_24_IMG_7712.JPG,Ashanti Region,4HO861-22,0.7554,CONFORME,format_valide_ocr_confiant,0.7554,data/processed/sorted_plates\conformes\4HO861_22_2023_02_02_10_24_IMG_7712.JPG
C:\Users\ibnal\Desktop\PROJET IA X3\Automatic Number Plate Recognition\Automatic Number Plate Recognition\Number Plates\Ashanti Region\2023_02_02_10_32_IMG_7719.JPG,2023_02_02_10_32_IMG_7719.JPG,Ashanti Region,JAN,0.0006,ILLISIBLE,confiance_ocr_trop_faible,0.0006,data/processed/sorted_plates\illisibles\JAN_2023_02_02_10_32_IMG_7719.JPG
C:\Users\ibnal\Desktop\PROJET IA X3\Automatic Number Plate Recognition\Automatic Number Plate Recognition\Number Plates\Ashanti Region\2023_02_02_10_32_IMG_7720.JPG,2023_02_02_10_32_IMG_7720.JPG,Ashanti Region,8040-22,0.4959,DOUTEUSE,format_invalide_sans_mixte,0.4959,data/processed/sorted_plates\douteuses\8040_22_2023_02_02_10_32_IMG_7720.JPG
C:\Users\ibnal\Desktop\PROJET IA X3\Automatic Number Plate Recognition\Automatic Number Plate Recognition\Number Plates\Ashanti Region\2023_02_02_10_32_IMG_7721.JPG,2023_02_02_10_32_IMG_7721.JPG,Ashanti Region,ASO8620-22,0.7672,CONFORME,format_valide_ocr_confiant,0.7672,data/processed/sorted_plates\conformes\ASO8620_22_2023_02_02_10_32_IMG_7721.JPG
C:\Users\ibnal\Desktop\PROJET IA X3\Automatic Number Plate Recognition\Automatic Number Plate Recognition\Number Plates\Ashanti Region\2023_02_02_10_34_IMG_7727.JPG,2023_02_02_10_34_IMG_7727.JPG,Ashanti Region,42O2021,0.5625,DOUTEUSE,confiance_ocr_moyenne,0.5625,data/processed/sorted_plates\douteuses\42O2021_2023_02_02_10_34_IMG_7727.JPG
C:\Users\ibnal\Desktop\PROJET IA X3\Automatic Number Plate Recognition\Automatic Number Plate Recognition\Number Plates\Ashanti Region\2023_02_02_10_34_IMG_7728.JPG,2023_02_02_10_34_IMG_7728.JPG,Ashanti Region,MTHO,0.0263,ILLISIBLE,confiance_ocr_trop_faible,0.0263,data/processed/sorted_plates\illisibles\MTHO_2023_02_02_10_34_IMG_7728.JPG
C:\Users\ibnal\Desktop\PROJET IA X3\Automatic Number Plate Recognition\Automatic Number Plate Recognition\Number Plates\Brong Ahafo Region\2023_02_02_04_00_IMG_7402.JPG,2023_02_02_04_00_IMG_7402.JPG,Brong Ahafo Region,433,1.0,DOUTEUSE,texte_trop_court,1.0,data/processed/sorted_plates\douteuses\433_2023_02_02_04_00_IMG_7402.JPG
C:\Users\ibnal\Desktop\PROJET IA X3\Automatic Number Plate Recognition\Automatic Number Plate Recognition\Number Plates\Brong Ahafo Region\2023_02_02_04_00_IMG_7403.JPG,2023_02_02_04_00_IMG_7403.JPG,Brong Ahafo Region,433,1.0,DOUTEUSE,texte_trop_court,1.0,data/processed/sorted_plates\douteuses\433_2023_02_02_04_00_IMG_7403.JPG
C:\Users\ibnal\Desktop\PROJET IA X3\Automatic Number Plate Recognition\Automatic Number Plate Recognition\Number Plates\Brong Ahafo Region\2023_02_02_04_00_IMG_7404.JPG,2023_02_02_04_00_IMG_7404.JPG,Brong Ahafo Region,433-,0.9974,DOUTEUSE,format_invalide_sans_mixte,0.9974,data/processed/sorted_plates\douteuses\433__2023_02_02_04_00_IMG_7404.JPG
C:\Users\ibnal\Desktop\PROJET IA X3\Automatic Number Plate Recognition\Automatic Number Plate Recognition\Number Plates\Brong Ahafo Region\2023_02_02_04_01_IMG_7413.JPG,2023_02_02_04_01_IMG_7413.JPG,Brong Ahafo Region,4483,0.8904,DOUTEUSE,format_invalide_sans_mixte,0.8904,data/processed/sorted_plates\douteuses\4483_2023_02_02_04_01_IMG_7413.JPG
C:\Users\ibnal\Desktop\PROJET IA X3\Automatic Number Plate Recognition\Automatic Number Plate Recognition\Number Plates\Brong Ahafo Region\2023_02_02_04_01_IMG_7414.JPG,2023_02_02_04_01_IMG_7414.JPG,Brong Ahafo Region,289922,0.4953,DOUTEUSE,format_invalide_sans_mixte,0.4953,data/processed/sorted_plates\douteuses\289922_2023_02_02_04_01_IMG_7414.JPG
C:\Users\ibnal\Desktop\PROJET IA X3\Automatic Number Plate Recognition\Automatic Number Plate Recognition\Number Plates\Brong Ahafo Region\2023_02_02_04_04_IMG_7428.JPG,2023_02_02_04_04_IMG_7428.JPG,Brong Ahafo Region,107,1.0,DOUTEUSE,texte_trop_court,1.0,data/processed/sorted_plates\douteuses\107_2023_02_02_04_04_IMG_7428.JPG
C:\Users\ibnal\Desktop\PROJET IA X3\Automatic Number Plate Recognition\Automatic Number Plate Recognition\Number Plates\Brong Ahafo Region\2023_02_02_04_04_IMG_7429.JPG,2023_02_02_04_04_IMG_7429.JPG,Brong Ahafo Region,107,1.0,DOUTEUSE,texte_trop_court,1.0,data/processed/sorted_plates\douteuses\107_2023_02_02_04_04_IMG_7429.JPG
C:\Users\ibnal\Desktop\PROJET IA X3\Automatic Number Plate Recognition\Automatic Number Plate Recognition\Number Plates\Brong Ahafo Region\2023_02_02_04_04_IMG_7430.JPG,2023_02_02_04_04_IMG_7430.JPG,Brong Ahafo Region,220,0.9996,DOUTEUSE,texte_trop_court,0.9996,data/processed/sorted_plates\douteuses\220_2023_02_02_04_04_IMG_7430.JPG
C:\Users\ibnal\Desktop\PROJET IA X3\Automatic Number Plate Recognition\Automatic Number Plate Recognition\Number Plates\Brong Ahafo Region\2023_02_02_04_05_IMG_7431.JPG,2023_02_02_04_05_IMG_7431.JPG,Brong Ahafo Region,527,0.9937,DOUTEUSE,texte_trop_court,0.9937,data/processed/sorted_plates\douteuses\527_2023_02_02_04_05_IMG_7431.JPG
C:\Users\ibnal\Desktop\PROJET IA X3\Automatic Number Plate Recognition\Automatic Number Plate Recognition\Number Plates\Brong Ahafo Region\2023_02_02_04_05_IMG_7432.JPG,2023_02_02_04_05_IMG_7432.JPG,Brong Ahafo Region,527-18,0.9999,DOUTEUSE,format_invalide_sans_mixte,0.9999,data/processed/sorted_plates\douteuses\527_18_2023_02_02_04_05_IMG_7432.JPG
C:\Users\ibnal\Desktop\PROJET IA X3\Automatic Number Plate Recognition\Automatic Number Plate Recognition\Number Plates\Brong Ahafo Region\2023_02_02_10_25_IMG_7716.JPG,2023_02_02_10_25_IMG_7716.JPG,Brong Ahafo Region,382,0.9987,DOUTEUSE,texte_trop_court,0.9987,data/processed/sorted_plates\douteuses\382_2023_02_02_10_25_IMG_7716.JPG
C:\Users\ibnal\Desktop\PROJET IA X3\Automatic Number Plate Recognition\Automatic Number Plate Recognition\Number Plates\Brong Ahafo Region\2023_02_02_10_25_IMG_7717.JPG,2023_02_02_10_25_IMG_7717.JPG,Brong Ahafo Region,382,0.9848,DOUTEUSE,texte_trop_court,0.9848,data/processed/sorted_plates\douteuses\382_2023_02_02_10_25_IMG_7717.JPG
C:\Users\ibnal\Desktop\PROJET IA X3\Automatic Number Plate Recognition\Automatic Number Plate Recognition\Number Plates\Brong Ahafo Region\2023_02_02_10_33_IMG_7724.JPG,2023_02_02_10_33_IMG_7724.JPG,Brong Ahafo Region,,0.0,ILLISIBLE,OCR_echec_texte_vide,0.0,data/processed/sorted_plates\illisibles\INCONNU_2023_02_02_10_33_IMG_7724.JPG
C:\Users\ibnal\Desktop\PROJET IA X3\Automatic Number Plate Recognition\Automatic Number Plate Recognition\Number Plates\Brong Ahafo Region\2023_02_02_10_33_IMG_7725.JPG,2023_02_02_10_33_IMG_7725.JPG,Brong Ahafo Region,403-20,0.9979,DOUTEUSE,format_invalide_sans_mixte,0.9979,data/processed/sorted_plates\douteuses\403_20_2023_02_02_10_33_IMG_7725.JPG
C:\Users\ibnal\Desktop\PROJET IA X3\Automatic Number Plate Recognition\Automatic Number Plate Recognition\Number Plates\Brong Ahafo Region\2023_02_02_10_33_IMG_7726.JPG,2023_02_02_10_33_IMG_7726.JPG,Brong Ahafo Region,403-20,0.9961,DOUTEUSE,format_invalide_sans_mixte,0.9961,data/processed/sorted_plates\douteuses\403_20_2023_02_02_10_33_IMG_7726.JPG
C:\Users\ibnal\Desktop\PROJET IA X3\Automatic Number Plate Recognition\Automatic Number Plate Recognition\Number Plates\Brong Ahafo Region\2023_02_02_10_36_IMG_7743.JPG,2023_02_02_10_36_IMG_7743.JPG,Brong Ahafo Region,470-18,0.9145,DOUTEUSE,format_invalide_sans_mixte,0.9145,data/processed/sorted_plates\douteuses\470_18_2023_02_02_10_36_IMG_7743.JPG
C:\Users\ibnal\Desktop\PROJET IA X3\Automatic Number Plate Recognition\Automatic Number Plate Recognition\Number Plates\Brong Ahafo Region\2023_02_02_10_40_IMG_7752.JPG,2023_02_02_10_40_IMG_7752.JPG,Brong Ahafo Region,L88-16,0.9498,CONFORME,format_valide_ocr_confiant,0.9498,data/processed/sorted_plates\conformes\L88_16_2023_02_02_10_40_IMG_7752.JPG
C:\Users\ibnal\Desktop\PROJET IA X3\Automatic Number Plate Recognition\Automatic Number Plate Recognition\Number Plates\Brong Ahafo Region\2023_02_02_10_49_IMG_7761.JPG,2023_02_02_10_49_IMG_7761.JPG,Brong Ahafo Region,BAC148-20,0.5042,DOUTEUSE,confiance_ocr_moyenne,0.5042,data/processed/sorted_plates\douteuses\BAC148_20_2023_02_02_10_49_IMG_7761.JPG
C:\Users\ibnal\Desktop\PROJET IA X3\Automatic Number Plate Recognition\Automatic Number Plate Recognition\Number Plates\Brong Ahafo Region\2023_02_02_10_49_IMG_7762.JPG,2023_02_02_10_49_IMG_7762.JPG,Brong Ahafo Region,148,0.9992,DOUTEUSE,texte_trop_court,0.9992,data/processed/sorted_plates\douteuses\148_2023_02_02_10_49_IMG_7762.JPG
C:\Users\ibnal\Desktop\PROJET IA X3\Automatic Number Plate Recognition\Automatic Number Plate Recognition\Number Plates\Brong Ahafo Region\2023_02_02_12_30_IMG_7769.JPG,2023_02_02_12_30_IMG_7769.JPG,Brong Ahafo Region,BAM,0.1397,ILLISIBLE,confiance_ocr_trop_faible,0.1397,data/processed/sorted_plates\illisibles\BAM_2023_02_02_12_30_IMG_7769.JPG
C:\Users\ibnal\Desktop\PROJET IA X3\Automatic Number Plate Recognition\Automatic Number Plate Recognition\Number Plates\Central Region\2023_02_04_12_20_IMG_8189.JPG,2023_02_04_12_20_IMG_8189.JPG,Central Region,713-22,0.9262,DOUTEUSE,format_invalide_sans_mixte,0.9262,data/processed/sorted_plates\douteuses\713_22_2023_02_04_12_20_IMG_8189.JPG
C:\Users\ibnal\Desktop\PROJET IA X3\Automatic Number Plate Recognition\Automatic Number Plate Recognition\Number Plates\Central Region\2023_02_04_12_21_IMG_8193.JPG,2023_02_04_12_21_IMG_8193.JPG,Central Region,93-19,0.9998,DOUTEUSE,format_invalide_sans_mixte,0.9998,data/processed/sorted_plates\douteuses\93_19_2023_02_04_12_21_IMG_8193.JPG
C:\Users\ibnal\Desktop\PROJET IA X3\Automatic Number Plate Recognition\Automatic Number Plate Recognition\Number Plates\Central Region\2023_02_05_07_58_IMG_8926.JPG,2023_02_05_07_58_IMG_8926.JPG,Central Region,667-13,0.9987,DOUTEUSE,format_invalide_sans_mixte,0.9987,data/processed/sorted_plates\douteuses\667_13_2023_02_05_07_58_IMG_8926.JPG
C:\Users\ibnal\Desktop\PROJET IA X3\Automatic Number Plate Recognition\Automatic Number Plate Recognition\Number Plates\Central Region\2023_02_06_00_33_IMG_9060.JPG,2023_02_06_00_33_IMG_9060.JPG,Central Region,1053,0.9916,DOUTEUSE,format_invalide_sans_mixte,0.9916,data/processed/sorted_plates\douteuses\1053_2023_02_06_00_33_IMG_9060.JPG
C:\Users\ibnal\Desktop\PROJET IA X3\Automatic Number Plate Recognition\Automatic Number Plate Recognition\Number Plates\Central Region\2023_02_06_08_33_IMG_9060.JPG,2023_02_06_08_33_IMG_9060.JPG,Central Region,1053,0.9916,DOUTEUSE,format_invalide_sans_mixte,0.9916,data/processed/sorted_plates\douteuses\1053_2023_02_06_08_33_IMG_9060.JPG
C:\Users\ibnal\Desktop\PROJET IA X3\Automatic Number Plate Recognition\Automatic Number Plate Recognition\Number Plates\Central Region\2023_02_07_03_31_IMG_9587.JPG,2023_02_07_03_31_IMG_9587.JPG,Central Region,105-,0.9932,DOUTEUSE,format_invalide_sans_mixte,0.9932,data/processed/sorted_plates\douteuses\105__2023_02_07_03_31_IMG_9587.JPG
C:\Users\ibnal\Desktop\PROJET IA X3\Automatic Number Plate Recognition\Automatic Number Plate Recognition\Number Plates\Central Region\2023_02_07_03_34_IMG_9485.JPG,2023_02_07_03_34_IMG_9485.JPG,Central Region,842,0.997,DOUTEUSE,texte_trop_court,0.997,data/processed/sorted_plates\douteuses\842_2023_02_07_03_34_IMG_9485.JPG
C:\Users\ibnal\Desktop\PROJET IA X3\Automatic Number Plate Recognition\Automatic Number Plate Recognition\Number Plates\Central Region\2023_02_07_03_39_IMG_9267.JPG,2023_02_07_03_39_IMG_9267.JPG,Central Region,635-14,0.7571,DOUTEUSE,format_invalide_sans_mixte,0.7571,data/processed/sorted_plates\douteuses\635_14_2023_02_07_03_39_IMG_9267.JPG
C:\Users\ibnal\Desktop\PROJET IA X3\Automatic Number Plate Recognition\Automatic Number Plate Recognition\Number Plates\Central Region\2023_02_07_08_34_IMG_9660.JPG,2023_02_07_08_34_IMG_9660.JPG,Central Region,1085-19,1.0,DOUTEUSE,format_invalide_sans_mixte,1.0,data/processed/sorted_plates\douteuses\1085_19_2023_02_07_08_34_IMG_9660.JPG
C:\Users\ibnal\Desktop\PROJET IA X3\Automatic Number Plate Recognition\Automatic Number Plate Recognition\Number Plates\Central Region\2023_02_08_04_04_IMG_0050.JPG,2023_02_08_04_04_IMG_0050.JPG,Central Region,102416,0.4493,DOUTEUSE,format_invalide_sans_mixte,0.4493,data/processed/sorted_plates\douteuses\102416_2023_02_08_04_04_IMG_0050.JPG
C:\Users\ibnal\Desktop\PROJET IA X3\Automatic Number Plate Recognition\Automatic Number Plate Recognition\Number Plates\Central Region\2023_02_08_04_06_IMG_9784.JPG,2023_02_08_04_06_IMG_9784.JPG,Central Region,853,0.9999,DOUTEUSE,texte_trop_court,0.9999,data/processed/sorted_plates\douteuses\853_2023_02_08_04_06_IMG_9784.JPG
C:\Users\ibnal\Desktop\PROJET IA X3\Automatic Number Plate Recognition\Automatic Number Plate Recognition\Number Plates\Central Region\2023_02_08_04_08_IMG_9896.JPG,2023_02_08_04_08_IMG_9896.JPG,Central Region,864,0.9983,DOUTEUSE,texte_trop_court,0.9983,data/processed/sorted_plates\douteuses\864_2023_02_08_04_08_IMG_9896.JPG
C:\Users\ibnal\Desktop\PROJET IA X3\Automatic Number Plate Recognition\Automatic Number Plate Recognition\Number Plates\Central Region\2023_02_08_04_08_IMG_9899.JPG,2023_02_08_04_08_IMG_9899.JPG,Central Region,885-02,0.8082,DOUTEUSE,format_invalide_sans_mixte,0.8082,data/processed/sorted_plates\douteuses\885_02_2023_02_08_04_08_IMG_9899.JPG
C:\Users\ibnal\Desktop\PROJET IA X3\Automatic Number Plate Recognition\Automatic Number Plate Recognition\Number Plates\Central Region\2023_02_10_05_25_IMG_0763.JPG,2023_02_10_05_25_IMG_0763.JPG,Central Region,884-22,0.9937,DOUTEUSE,format_invalide_sans_mixte,0.9937,data/processed/sorted_plates\douteuses\884_22_2023_02_10_05_25_IMG_0763.JPG
C:\Users\ibnal\Desktop\PROJET IA X3\Automatic Number Plate Recognition\Automatic Number Plate Recognition\Number Plates\Central Region\2023_02_10_05_34_IMG_0565.JPG,2023_02_10_05_34_IMG_0565.JPG,Central Region,052,0.0572,ILLISIBLE,confiance_ocr_trop_faible,0.0572,data/processed/sorted_plates\illisibles\052_2023_02_10_05_34_IMG_0565.JPG
C:\Users\ibnal\Desktop\PROJET IA X3\Automatic Number Plate Recognition\Automatic Number Plate Recognition\Number Plates\Central Region\2023_02_11_03_15_IMG_1193.JPG,2023_02_11_03_15_IMG_1193.JPG,Central Region,218-,0.9995,DOUTEUSE,format_invalide_sans_mixte,0.9995,data/processed/sorted_plates\douteuses\218__2023_02_11_03_15_IMG_1193.JPG
C:\Users\ibnal\Desktop\PROJET IA X3\Automatic Number Plate Recognition\Automatic Number Plate Recognition\Number Plates\Central Region\2023_02_11_03_15_IMG_1201.JPG,2023_02_11_03_15_IMG_1201.JPG,Central Region,UCT,0.0022,ILLISIBLE,confiance_ocr_trop_faible,0.0022,data/processed/sorted_plates\illisibles\UCT_2023_02_11_03_15_IMG_1201.JPG
C:\Users\ibnal\Desktop\PROJET IA X3\Automatic Number Plate Recognition\Automatic Number Plate Recognition\Number Plates\Central Region\2023_02_11_03_16_IMG_1132.JPG,2023_02_11_03_16_IMG_1132.JPG,Central Region,,0.0,ILLISIBLE,OCR_echec_texte_vide,0.0,data/processed/sorted_plates\illisibles\INCONNU_2023_02_11_03_16_IMG_1132.JPG
C:\Users\ibnal\Desktop\PROJET IA X3\Automatic Number Plate Recognition\Automatic Number Plate Recognition\Number Plates\Central Region\2023_02_11_13_47_IMG_1355.JPG,2023_02_11_13_47_IMG_1355.JPG,Central Region,RR10B,0.072,ILLISIBLE,confiance_ocr_trop_faible,0.072,data/processed/sorted_plates\illisibles\RR10B_2023_02_11_13_47_IMG_1355.JPG
C:\Users\ibnal\Desktop\PROJET IA X3\Automatic Number Plate Recognition\Automatic Number Plate Recognition\Number Plates\Central Region\2023_02_17_05_15_IMG_2142.JPG,2023_02_17_05_15_IMG_2142.JPG,Central Region,11063-17,0.9782,DOUTEUSE,format_invalide_sans_mixte,0.9782,data/processed/sorted_plates\douteuses\11063_17_2023_02_17_05_15_IMG_2142.JPG
C:\Users\ibnal\Desktop\PROJET IA X3\Automatic Number Plate Recognition\Automatic Number Plate Recognition\Number Plates\DV\2022_05_22_16_49_IMG_0719.JPG,2022_05_22_16_49_IMG_0719.JPG,DV,,0.0,ILLISIBLE,OCR_echec_texte_vide,0.0,data/processed/sorted_plates\illisibles\INCONNU_2022_05_22_16_49_IMG_0719.JPG
C:\Users\ibnal\Desktop\PROJET IA X3\Automatic Number Plate Recognition\Automatic Number Plate Recognition\Number Plates\DV\2022_05_22_16_49_IMG_0720.JPG,2022_05_22_16_49_IMG_0720.JPG,DV,GOC,0.9677,DOUTEUSE,texte_trop_court,0.9677,data/processed/sorted_plates\douteuses\GOC_2022_05_22_16_49_IMG_0720.JPG
C:\Users\ibnal\Desktop\PROJET IA X3\Automatic Number Plate Recognition\Automatic Number Plate Recognition\Number Plates\DV\2022_05_22_16_49_IMG_0721.JPG,2022_05_22_16_49_IMG_0721.JPG,DV,384,0.9012,DOUTEUSE,texte_trop_court,0.9012,data/processed/sorted_plates\douteuses\384_2022_05_22_16_49_IMG_0721.JPG
C:\Users\ibnal\Desktop\PROJET IA X3\Automatic Number Plate Recognition\Automatic Number Plate Recognition\Number Plates\DV\2022_05_22_16_49_IMG_0722.JPG,2022_05_22_16_49_IMG_0722.JPG,DV,JORDZ,0.215,ILLISIBLE,confiance_ocr_trop_faible,0.215,data/processed/sorted_plates\illisibles\JORDZ_2022_05_22_16_49_IMG_0722.JPG
C:\Users\ibnal\Desktop\PROJET IA X3\Automatic Number Plate Recognition\Automatic Number Plate Recognition\Number Plates\DV\2022_05_22_16_49_IMG_0723.JPG,2022_05_22_16_49_IMG_0723.JPG,DV,MYE384C83,0.1394,ILLISIBLE,confiance_ocr_trop_faible,0.1394,data/processed/sorted_plates\illisibles\MYE384C83_2022_05_22_16_49_IMG_0723.JPG
C:\Users\ibnal\Desktop\PROJET IA X3\Automatic Number Plate Recognition\Automatic Number Plate Recognition\Number Plates\DV\2022_05_22_16_49_IMG_0724.JPG,2022_05_22_16_49_IMG_0724.JPG,DV,,0.0,ILLISIBLE,OCR_echec_texte_vide,0.0,data/processed/sorted_plates\illisibles\INCONNU_2022_05_22_16_49_IMG_0724.JPG
C:\Users\ibnal\Desktop\PROJET IA X3\Automatic Number Plate Recognition\Automatic Number Plate Recognition\Number Plates\DV\2022_05_22_16_49_IMG_0725.JPG,2022_05_22_16_49_IMG_0725.JPG,DV,,0.0,ILLISIBLE,OCR_echec_texte_vide,0.0,data/processed/sorted_plates\illisibles\INCONNU_2022_05_22_16_49_IMG_0725.JPG
C:\Users\ibnal\Desktop\PROJET IA X3\Automatic Number Plate Recognition\Automatic Number Plate Recognition\Number Plates\DV\2022_08_15_10_37_IMG_4713.PNG,2022_08_15_10_37_IMG_4713.PNG,DV,REPLY,1.0,DOUTEUSE,format_invalide_sans_mixte,1.0,data/processed/sorted_plates\douteuses\REPLY_2022_08_15_10_37_IMG_4713.PNG
C:\Users\ibnal\Desktop\PROJET IA X3\Automatic Number Plate Recognition\Automatic Number Plate Recognition\Number Plates\DV\2023_02_02_04_24_IMG_7521.JPG,2023_02_02_04_24_IMG_7521.JPG,DV,PVELBL,0.313,DOUTEUSE,format_invalide_sans_mixte,0.313,data/processed/sorted_plates\douteuses\PVELBL_2023_02_02_04_24_IMG_7521.JPG
C:\Users\ibnal\Desktop\PROJET IA X3\Automatic Number Plate Recognition\Automatic Number Plate Recognition\Number Plates\DV\2023_02_02_04_24_IMG_7524.JPG,2023_02_02_04_24_IMG_7524.JPG,DV,DVI47B,0.1496,ILLISIBLE,confiance_ocr_trop_faible,0.1496,data/processed/sorted_plates\illisibles\DVI47B_2023_02_02_04_24_IMG_7524.JPG
C:\Users\ibnal\Desktop\PROJET IA X3\Automatic Number Plate Recognition\Automatic Number Plate Recognition\Number Plates\DV\2023_02_02_04_24_IMG_7525.JPG,2023_02_02_04_24_IMG_7525.JPG,DV,TUKSON,0.2665,ILLISIBLE,confiance_ocr_trop_faible,0.2665,data/processed/sorted_plates\illisibles\TUKSON_2023_02_02_04_24_IMG_7525.JPG
C:\Users\ibnal\Desktop\PROJET IA X3\Automatic Number Plate Recognition\Automatic Number Plate Recognition\Number Plates\DV\2023_02_02_04_25_IMG_7473.JPG,2023_02_02_04_25_IMG_7473.JPG,DV,,0.0,ILLISIBLE,OCR_echec_texte_vide,0.0,data/processed/sorted_plates\illisibles\INCONNU_2023_02_02_04_25_IMG_7473.JPG
C:\Users\ibnal\Desktop\PROJET IA X3\Automatic Number Plate Recognition\Automatic Number Plate Recognition\Number Plates\DV\2023_02_02_04_25_IMG_7474.JPG,2023_02_02_04_25_IMG_7474.JPG,DV,,0.0,ILLISIBLE,OCR_echec_texte_vide,0.0,data/processed/sorted_plates\illisibles\INCONNU_2023_02_02_04_25_IMG_7474.JPG
C:\Users\ibnal\Desktop\PROJET IA X3\Automatic Number Plate Recognition\Automatic Number Plate Recognition\Number Plates\DV\2023_02_02_04_25_IMG_7475.JPG,2023_02_02_04_25_IMG_7475.JPG,DV,D09490,0.1684,ILLISIBLE,confiance_ocr_trop_faible,0.1684,data/processed/sorted_plates\illisibles\D09490_2023_02_02_04_25_IMG_7475.JPG
C:\Users\ibnal\Desktop\PROJET IA X3\Automatic Number Plate Recognition\Automatic Number Plate Recognition\Number Plates\DV\2023_02_02_04_25_IMG_7477.JPG,2023_02_02_04_25_IMG_7477.JPG,DV,JII4,0.0436,ILLISIBLE,confiance_ocr_trop_faible,0.0436,data/processed/sorted_plates\illisibles\JII4_2023_02_02_04_25_IMG_7477.JPG
C:\Users\ibnal\Desktop\PROJET IA X3\Automatic Number Plate Recognition\Automatic Number Plate Recognition\Number Plates\DV\2023_02_02_04_25_IMG_7478.JPG,2023_02_02_04_25_IMG_7478.JPG,DV,C9490,0.3536,DOUTEUSE,confiance_ocr_moyenne,0.3536,data/processed/sorted_plates\douteuses\C9490_2023_02_02_04_25_IMG_7478.JPG
C:\Users\ibnal\Desktop\PROJET IA X3\Automatic Number Plate Recognition\Automatic Number Plate Recognition\Number Plates\DV\2023_02_02_04_25_IMG_7480.JPG,2023_02_02_04_25_IMG_7480.JPG,DV,9490,0.3754,DOUTEUSE,format_invalide_sans_mixte,0.3754,data/processed/sorted_plates\douteuses\9490_2023_02_02_04_25_IMG_7480.JPG
C:\Users\ibnal\Desktop\PROJET IA X3\Automatic Number Plate Recognition\Automatic Number Plate Recognition\Number Plates\DV\2023_02_02_04_25_IMG_7481.JPG,2023_02_02_04_25_IMG_7481.JPG,DV,,0.0,ILLISIBLE,OCR_echec_texte_vide,0.0,data/processed/sorted_plates\illisibles\INCONNU_2023_02_02_04_25_IMG_7481.JPG
C:\Users\ibnal\Desktop\PROJET IA X3\Automatic Number Plate Recognition\Automatic Number Plate Recognition\Number Plates\DV\2023_02_02_04_27_IMG_7458.JPG,2023_02_02_04_27_IMG_7458.JPG,DV,WOODARD,0.8595,DOUTEUSE,format_invalide_sans_mixte,0.8595,data/processed/sorted_plates\douteuses\WOODARD_2023_02_02_04_27_IMG_7458.JPG
C:\Users\ibnal\Desktop\PROJET IA X3\Automatic Number Plate Recognition\Automatic Number Plate Recognition\Number Plates\DV\2023_02_02_04_27_IMG_7462.JPG,2023_02_02_04_27_IMG_7462.JPG,DV,LA29,0.8094,CONFORME,format_valide_ocr_confiant,0.8094,data/processed/sorted_plates\conformes\LA29_2023_02_02_04_27_IMG_7462.JPG
C:\Users\ibnal\Desktop\PROJET IA X3\Automatic Number Plate Recognition\Automatic Number Plate Recognition\Number Plates\Easter Region\2023_02_04_12_21_IMG_8197.JPG,2023_02_04_12_21_IMG_8197.JPG,Easter Region,ER326,0.9988,CONFORME,format_valide_ocr_confiant,0.9988,data/processed/sorted_plates\conformes\ER326_2023_02_04_12_21_IMG_8197.JPG
C:\Users\ibnal\Desktop\PROJET IA X3\Automatic Number Plate Recognition\Automatic Number Plate Recognition\Number Plates\Easter Region\2023_02_05_00_40_IMG_8479.JPG,2023_02_05_00_40_IMG_8479.JPG,Easter Region,3496,0.9996,DOUTEUSE,format_invalide_sans_mixte,0.9996,data/processed/sorted_plates\douteuses\3496_2023_02_05_00_40_IMG_8479.JPG
C:\Users\ibnal\Desktop\PROJET IA X3\Automatic Number Plate Recognition\Automatic Number Plate Recognition\Number Plates\Easter Region\2023_02_05_02_53_IMG_8592.JPG,2023_02_05_02_53_IMG_8592.JPG,Easter Region,808-19,0.9955,DOUTEUSE,format_invalide_sans_mixte,0.9955,data/processed/sorted_plates\douteuses\808_19_2023_02_05_02_53_IMG_8592.JPG
C:\Users\ibnal\Desktop\PROJET IA X3\Automatic Number Plate Recognition\Automatic Number Plate Recognition\Number Plates\Easter Region\2023_02_07_03_31_IMG_9582.JPG,2023_02_07_03_31_IMG_9582.JPG,Easter Region,597-16,0.9999,DOUTEUSE,format_invalide_sans_mixte,0.9999,data/processed/sorted_plates\douteuses\597_16_2023_02_07_03_31_IMG_9582.JPG
C:\Users\ibnal\Desktop\PROJET IA X3\Automatic Number Plate Recognition\Automatic Number Plate Recognition\Number Plates\Easter Region\2023_02_08_04_08_IMG_9895.JPG,2023_02_08_04_08_IMG_9895.JPG,Easter Region,326,0.9927,DOUTEUSE,texte_trop_court,0.9927,data/processed/sorted_plates\douteuses\326_2023_02_08_04_08_IMG_9895.JPG
C:\Users\ibnal\Desktop\PROJET IA X3\Automatic Number Plate Recognition\Automatic Number Plate Recognition\Number Plates\Easter Region\2023_02_08_04_08_IMG_9908.JPG,2023_02_08_04_08_IMG_9908.JPG,Easter Region,,0.0,ILLISIBLE,OCR_echec_texte_vide,0.0,data/processed/sorted_plates\illisibles\INCONNU_2023_02_08_04_08_IMG_9908.JPG
C:\Users\ibnal\Desktop\PROJET IA X3\Automatic Number Plate Recognition\Automatic Number Plate Recognition\Number Plates\Easter Region\2023_02_08_04_08_IMG_9915.JPG,2023_02_08_04_08_IMG_9915.JPG,Easter Region,62511,0.5721,DOUTEUSE,format_invalide_sans_mixte,0.5721,data/processed/sorted_plates\douteuses\62511_2023_02_08_04_08_IMG_9915.JPG
C:\Users\ibnal\Desktop\PROJET IA X3\Automatic Number Plate Recognition\Automatic Number Plate Recognition\Number Plates\Easter Region\2023_02_09_10_05_IMG_0367.JPG,2023_02_09_10_05_IMG_0367.JPG,Easter Region,917-18,0.9635,DOUTEUSE,format_invalide_sans_mixte,0.9635,data/processed/sorted_plates\douteuses\917_18_2023_02_09_10_05_IMG_0367.JPG
C:\Users\ibnal\Desktop\PROJET IA X3\Automatic Number Plate Recognition\Automatic Number Plate Recognition\Number Plates\Easter Region\2023_02_10_05_23_IMG_0794.JPG,2023_02_10_05_23_IMG_0794.JPG,Easter Region,KIA,0.9776,DOUTEUSE,texte_trop_court,0.9776,data/processed/sorted_plates\douteuses\KIA_2023_02_10_05_23_IMG_0794.JPG
C:\Users\ibnal\Desktop\PROJET IA X3\Automatic Number Plate Recognition\Automatic Number Plate Recognition\Number Plates\Easter Region\2023_02_10_05_32_IMG_0619.JPG,2023_02_10_05_32_IMG_0619.JPG,Easter Region,326,0.999,DOUTEUSE,texte_trop_court,0.999,data/processed/sorted_plates\douteuses\326_2023_02_10_05_32_IMG_0619.JPG
C:\Users\ibnal\Desktop\PROJET IA X3\Automatic Number Plate Recognition\Automatic Number Plate Recognition\Number Plates\Easter Region\2023_02_10_05_32_IMG_0637.JPG,2023_02_10_05_32_IMG_0637.JPG,Easter Region,IM4,0.0867,ILLISIBLE,confiance_ocr_trop_faible,0.0867,data/processed/sorted_plates\illisibles\IM4_2023_02_10_05_32_IMG_0637.JPG
C:\Users\ibnal\Desktop\PROJET IA X3\Automatic Number Plate Recognition\Automatic Number Plate Recognition\Number Plates\Easter Region\2023_02_10_05_34_IMG_0514.JPG,2023_02_10_05_34_IMG_0514.JPG,Easter Region,ERO153-16,0.6816,CONFORME,format_valide_ocr_confiant,0.6816,data/processed/sorted_plates\conformes\ERO153_16_2023_02_10_05_34_IMG_0514.JPG
C:\Users\ibnal\Desktop\PROJET IA X3\Automatic Number Plate Recognition\Automatic Number Plate Recognition\Number Plates\Easter Region\2023_02_11_03_15_IMG_1204.JPG,2023_02_11_03_15_IMG_1204.JPG,Easter Region,ER2620U,0.3952,DOUTEUSE,confiance_ocr_moyenne,0.3952,data/processed/sorted_plates\douteuses\ER2620U_2023_02_11_03_15_IMG_1204.JPG
C:\Users\ibnal\Desktop\PROJET IA X3\Automatic Number Plate Recognition\Automatic Number Plate Recognition\Number Plates\Easter Region\2023_02_11_03_16_IMG_1129.JPG,2023_02_11_03_16_IMG_1129.JPG,Easter Region,UUULL,0.2134,ILLISIBLE,confiance_ocr_trop_faible,0.2134,data/processed/sorted_plates\illisibles\UUULL_2023_02_11_03_16_IMG_1129.JPG
C:\Users\ibnal\Desktop\PROJET IA X3\Automatic Number Plate Recognition\Automatic Number Plate Recognition\Number Plates\Easter Region\2023_02_12_02_23_IMG_1540.JPG,2023_02_12_02_23_IMG_1540.JPG,Easter Region,ERO2228-18,0.9774,CONFORME,format_valide_ocr_confiant,0.9774,data/processed/sorted_plates\conformes\ERO2228_18_2023_02_12_02_23_IMG_1540.JPG
C:\Users\ibnal\Desktop\PROJET IA X3\Automatic Number Plate Recognition\Automatic Number Plate Recognition\Number Plates\Easter Region\2023_03_16_07_25_IMG_4887.JPG,2023_03_16_07_25_IMG_4887.JPG,Easter Region,SHOWERS,0.9996,DOUTEUSE,format_invalide_sans_mixte,0.9996,data/processed/sorted_plates\douteuses\SHOWERS_2023_03_16_07_25_IMG_4887.JPG
C:\Users\ibnal\Desktop\PROJET IA X3\Automatic Number Plate Recognition\Automatic Number Plate Recognition\Number Plates\Easter Region\2023_03_16_07_28_IMG_4909.JPG,2023_03_16_07_28_IMG_4909.JPG,Easter Region,GRO2430-23,0.9701,CONFORME,format_valide_ocr_confiant,0.9701,data/processed/sorted_plates\conformes\GRO2430_23_2023_03_16_07_28_IMG_4909.JPG
C:\Users\ibnal\Desktop\PROJET IA X3\Automatic Number Plate Recognition\Automatic Number Plate Recognition\Number Plates\Easter Region\2023_03_16_07_28_IMG_4910.JPG,2023_03_16_07_28_IMG_4910.JPG,Easter Region,2170,0.8631,DOUTEUSE,format_invalide_sans_mixte,0.8631,data/processed/sorted_plates\douteuses\2170_2023_03_16_07_28_IMG_4910.JPG
C:\Users\ibnal\Desktop\PROJET IA X3\Automatic Number Plate Recognition\Automatic Number Plate Recognition\Number Plates\Easter Region\2023_03_16_07_30_IMG_4929.JPG,2023_03_16_07_30_IMG_4929.JPG,Easter Region,ERO82-17,0.9952,CONFORME,format_valide_ocr_confiant,0.9952,data/processed/sorted_plates\conformes\ERO82_17_2023_03_16_07_30_IMG_4929.JPG
C:\Users\ibnal\Desktop\PROJET IA X3\Automatic Number Plate Recognition\Automatic Number Plate Recognition\Number Plates\Easter Region\2023_03_16_07_30_IMG_4930.JPG,2023_03_16_07_30_IMG_4930.JPG,Easter Region,82-17,0.9999,DOUTEUSE,format_invalide_sans_mixte,0.9999,data/processed/sorted_plates\douteuses\82_17_2023_03_16_07_30_IMG_4930.JPG
C:\Users\ibnal\Desktop\PROJET IA X3\Automatic Number Plate Recognition\Automatic Number Plate Recognition\Number Plates\Greater Accra Region\2022_07_15_00_34_IMG_3111-Bdpymj.JPG,2022_07_15_00_34_IMG_3111-Bdpymj.JPG,Greater Accra Region,3550-20,0.9954,DOUTEUSE,format_invalide_sans_mixte,0.9954,data/processed/sorted_plates\douteuses\3550_20_2022_07_15_00_34_IMG_3111-Bdpymj.JPG
C:\Users\ibnal\Desktop\PROJET IA X3\Automatic Number Plate Recognition\Automatic Number Plate Recognition\Number Plates\Greater Accra Region\2022_07_15_00_34_IMG_3111.JPG,2022_07_15_00_34_IMG_3111.JPG,Greater Accra Region,3550-20,0.9954,DOUTEUSE,format_invalide_sans_mixte,0.9954,data/processed/sorted_plates\douteuses\3550_20_2022_07_15_00_34_IMG_3111.JPG
C:\Users\ibnal\Desktop\PROJET IA X3\Automatic Number Plate Recognition\Automatic Number Plate Recognition\Number Plates\Greater Accra Region\2022_07_15_07_34_IMG_3111-hZKIif.JPG,2022_07_15_07_34_IMG_3111-hZKIif.JPG,Greater Accra Region,3550-20,0.9954,DOUTEUSE,format_invalide_sans_mixte,0.9954,data/processed/sorted_plates\douteuses\3550_20_2022_07_15_07_34_IMG_3111-hZKIif.JPG
C:\Users\ibnal\Desktop\PROJET IA X3\Automatic Number Plate Recognition\Automatic Number Plate Recognition\Number Plates\Greater Accra Region\2022_07_15_07_34_IMG_3111.JPG,2022_07_15_07_34_IMG_3111.JPG,Greater Accra Region,3550-20,0.9954,DOUTEUSE,format_invalide_sans_mixte,0.9954,data/processed/sorted_plates\douteuses\3550_20_2022_07_15_07_34_IMG_3111.JPG
C:\Users\ibnal\Desktop\PROJET IA X3\Automatic Number Plate Recognition\Automatic Number Plate Recognition\Number Plates\Greater Accra Region\2022_07_15_12_06_IMG_3137-mjiV2v.JPG,2022_07_15_12_06_IMG_3137-mjiV2v.JPG,Greater Accra Region,GRO8328,0.9552,CONFORME,format_valide_ocr_confiant,0.9552,data/processed/sorted_plates\conformes\GRO8328_2022_07_15_12_06_IMG_3137-mjiV2v.JPG
C:\Users\ibnal\Desktop\PROJET IA X3\Automatic Number Plate Recognition\Automatic Number Plate Recognition\Number Plates\Greater Accra Region\2022_07_15_12_06_IMG_3137.JPG,2022_07_15_12_06_IMG_3137.JPG,Greater Accra Region,GRO8328,0.9552,CONFORME,format_valide_ocr_confiant,0.9552,data/processed/sorted_plates\conformes\GRO8328_2022_07_15_12_06_IMG_3137.JPG
C:\Users\ibnal\Desktop\PROJET IA X3\Automatic Number Plate Recognition\Automatic Number Plate Recognition\Number Plates\Greater Accra Region\2022_07_15_12_06_IMG_3140-Ndbicd.JPG,2022_07_15_12_06_IMG_3140-Ndbicd.JPG,Greater Accra Region,TET,0.1755,ILLISIBLE,confiance_ocr_trop_faible,0.1755,data/processed/sorted_plates\illisibles\TET_2022_07_15_12_06_IMG_3140-Ndbicd.JPG
C:\Users\ibnal\Desktop\PROJET IA X3\Automatic Number Plate Recognition\Automatic Number Plate Recognition\Number Plates\Greater Accra Region\2022_07_15_12_06_IMG_3140.JPG,2022_07_15_12_06_IMG_3140.JPG,Greater Accra Region,TET,0.1755,ILLISIBLE,confiance_ocr_trop_faible,0.1755,data/processed/sorted_plates\illisibles\TET_2022_07_15_12_06_IMG_3140.JPG
C:\Users\ibnal\Desktop\PROJET IA X3\Automatic Number Plate Recognition\Automatic Number Plate Recognition\Number Plates\Greater Accra Region\2022_07_15_12_06_IMG_3141-NHs1NY.JPG,2022_07_15_12_06_IMG_3141-NHs1NY.JPG,Greater Accra Region,8328-19,0.9999,DOUTEUSE,format_invalide_sans_mixte,0.9999,data/processed/sorted_plates\douteuses\8328_19_2022_07_15_12_06_IMG_3141-NHs1NY.JPG
C:\Users\ibnal\Desktop\PROJET IA X3\Automatic Number Plate Recognition\Automatic Number Plate Recognition\Number Plates\Greater Accra Region\2022_07_15_12_06_IMG_3141.JPG,2022_07_15_12_06_IMG_3141.JPG,Greater Accra Region,8328-19,0.9999,DOUTEUSE,format_invalide_sans_mixte,0.9999,data/processed/sorted_plates\douteuses\8328_19_2022_07_15_12_06_IMG_3141.JPG
C:\Users\ibnal\Desktop\PROJET IA X3\Automatic Number Plate Recognition\Automatic Number Plate Recognition\Number Plates\Greater Accra Region\2023_02_02_03_59_IMG_7396-EmCkA5.JPG,2023_02_02_03_59_IMG_7396-EmCkA5.JPG,Greater Accra Region,JESUS,0.9984,DOUTEUSE,format_invalide_sans_mixte,0.9984,data/processed/sorted_plates\douteuses\JESUS_2023_02_02_03_59_IMG_7396-EmCkA5.JPG
C:\Users\ibnal\Desktop\PROJET IA X3\Automatic Number Plate Recognition\Automatic Number Plate Recognition\Number Plates\Greater Accra Region\2023_02_02_03_59_IMG_7396.JPG,2023_02_02_03_59_IMG_7396.JPG,Greater Accra Region,JESUS,0.9984,DOUTEUSE,format_invalide_sans_mixte,0.9984,data/processed/sorted_plates\douteuses\JESUS_2023_02_02_03_59_IMG_7396.JPG
C:\Users\ibnal\Desktop\PROJET IA X3\Automatic Number Plate Recognition\Automatic Number Plate Recognition\Number Plates\Greater Accra Region\2023_02_02_03_59_IMG_7397-dQqHXX.JPG,2023_02_02_03_59_IMG_7397-dQqHXX.JPG,Greater Accra Region,,0.0,ILLISIBLE,OCR_echec_texte_vide,0.0,data/processed/sorted_plates\illisibles\INCONNU_2023_02_02_03_59_IMG_7397-dQqHXX.JPG
C:\Users\ibnal\Desktop\PROJET IA X3\Automatic Number Plate Recognition\Automatic Number Plate Recognition\Number Plates\Greater Accra Region\2023_02_02_03_59_IMG_7397.JPG,2023_02_02_03_59_IMG_7397.JPG,Greater Accra Region,,0.0,ILLISIBLE,OCR_echec_texte_vide,0.0,data/processed/sorted_plates\illisibles\INCONNU_2023_02_02_03_59_IMG_7397.JPG
C:\Users\ibnal\Desktop\PROJET IA X3\Automatic Number Plate Recognition\Automatic Number Plate Recognition\Number Plates\Greater Accra Region\2023_02_02_04_00_IMG_7405-58sYgp.JPG,2023_02_02_04_00_IMG_7405-58sYgp.JPG,Greater Accra Region,3004-21,0.9533,DOUTEUSE,format_invalide_sans_mixte,0.9533,data/processed/sorted_plates\douteuses\3004_21_2023_02_02_04_00_IMG_7405-58sYgp.JPG
C:\Users\ibnal\Desktop\PROJET IA X3\Automatic Number Plate Recognition\Automatic Number Plate Recognition\Number Plates\Greater Accra Region\2023_02_02_04_00_IMG_7405.JPG,2023_02_02_04_00_IMG_7405.JPG,Greater Accra Region,3004-21,0.9533,DOUTEUSE,format_invalide_sans_mixte,0.9533,data/processed/sorted_plates\douteuses\3004_21_2023_02_02_04_00_IMG_7405.JPG
C:\Users\ibnal\Desktop\PROJET IA X3\Automatic Number Plate Recognition\Automatic Number Plate Recognition\Number Plates\Greater Accra Region\2023_02_02_04_00_IMG_7406-7NArac.JPG,2023_02_02_04_00_IMG_7406-7NArac.JPG,Greater Accra Region,GNO5228-19,0.8328,CONFORME,format_valide_ocr_confiant,0.8328,data/processed/sorted_plates\conformes\GNO5228_19_2023_02_02_04_00_IMG_7406-7NArac.JPG
C:\Users\ibnal\Desktop\PROJET IA X3\Automatic Number Plate Recognition\Automatic Number Plate Recognition\Number Plates\Greater Accra Region\2023_02_02_04_00_IMG_7406.JPG,2023_02_02_04_00_IMG_7406.JPG,Greater Accra Region,GNO5228-19,0.8328,CONFORME,format_valide_ocr_confiant,0.8328,data/processed/sorted_plates\conformes\GNO5228_19_2023_02_02_04_00_IMG_7406.JPG
C:\Users\ibnal\Desktop\PROJET IA X3\Automatic Number Plate Recognition\Automatic Number Plate Recognition\Number Plates\Greater Accra Region\2023_02_02_04_01_IMG_7408-ZsQbC0.JPG,2023_02_02_04_01_IMG_7408-ZsQbC0.JPG,Greater Accra Region,,0.0,ILLISIBLE,OCR_echec_texte_vide,0.0,data/processed/sorted_plates\illisibles\INCONNU_2023_02_02_04_01_IMG_7408-ZsQbC0.JPG
C:\Users\ibnal\Desktop\PROJET IA X3\Automatic Number Plate Recognition\Automatic Number Plate Recognition\Number Plates\Greater Accra Region\2023_02_02_04_01_IMG_7408.JPG,2023_02_02_04_01_IMG_7408.JPG,Greater Accra Region,,0.0,ILLISIBLE,OCR_echec_texte_vide,0.0,data/processed/sorted_plates\illisibles\INCONNU_2023_02_02_04_01_IMG_7408.JPG
C:\Users\ibnal\Desktop\PROJET IA X3\Automatic Number Plate Recognition\Automatic Number Plate Recognition\Number Plates\Motorcycle\2023_02_02_05_09_IMG_7586.JPG,2023_02_02_05_09_IMG_7586.JPG,Motorcycle,V3478G,0.6157,CONFORME,format_valide_ocr_confiant,0.6157,data/processed/sorted_plates\conformes\V3478G_2023_02_02_05_09_IMG_7586.JPG
C:\Users\ibnal\Desktop\PROJET IA X3\Automatic Number Plate Recognition\Automatic Number Plate Recognition\Number Plates\Motorcycle\2023_02_02_10_32_IMG_7722.JPG,2023_02_02_10_32_IMG_7722.JPG,Motorcycle,F8A,0.0446,ILLISIBLE,confiance_ocr_trop_faible,0.0446,data/processed/sorted_plates\illisibles\F8A_2023_02_02_10_32_IMG_7722.JPG
C:\Users\ibnal\Desktop\PROJET IA X3\Automatic Number Plate Recognition\Automatic Number Plate Recognition\Number Plates\Motorcycle\2023_02_02_10_32_IMG_7723.JPG,2023_02_02_10_32_IMG_7723.JPG,Motorcycle,721-BA,0.9846,CONFORME,format_valide_ocr_confiant,0.9846,data/processed/sorted_plates\conformes\721_BA_2023_02_02_10_32_IMG_7723.JPG
C:\Users\ibnal\Desktop\PROJET IA X3\Automatic Number Plate Recognition\Automatic Number Plate Recognition\Number Plates\Motorcycle\2023_02_05_00_18_IMG_8384.JPG,2023_02_05_00_18_IMG_8384.JPG,Motorcycle,264,1.0,DOUTEUSE,texte_trop_court,1.0,data/processed/sorted_plates\douteuses\264_2023_02_05_00_18_IMG_8384.JPG
C:\Users\ibnal\Desktop\PROJET IA X3\Automatic Number Plate Recognition\Automatic Number Plate Recognition\Number Plates\Motorcycle\2023_02_05_00_36_IMG_8451.JPG,2023_02_05_00_36_IMG_8451.JPG,Motorcycle,01571,0.9999,DOUTEUSE,format_invalide_sans_mixte,0.9999,data/processed/sorted_plates\douteuses\01571_2023_02_05_00_36_IMG_8451.JPG
C:\Users\ibnal\Desktop\PROJET IA X3\Automatic Number Plate Recognition\Automatic Number Plate Recognition\Number Plates\Motorcycle\2023_02_05_00_37_IMG_8454.JPG,2023_02_05_00_37_IMG_8454.JPG,Motorcycle,02242,0.9979,DOUTEUSE,format_invalide_sans_mixte,0.9979,data/processed/sorted_plates\douteuses\02242_2023_02_05_00_37_IMG_8454.JPG
C:\Users\ibnal\Desktop\PROJET IA X3\Automatic Number Plate Recognition\Automatic Number Plate Recognition\Number Plates\Motorcycle\2023_02_05_02_52_IMG_8527.JPG,2023_02_05_02_52_IMG_8527.JPG,Motorcycle,01107,0.9473,DOUTEUSE,format_invalide_sans_mixte,0.9473,data/processed/sorted_plates\douteuses\01107_2023_02_05_02_52_IMG_8527.JPG
C:\Users\ibnal\Desktop\PROJET IA X3\Automatic Number Plate Recognition\Automatic Number Plate Recognition\Number Plates\Motorcycle\2023_02_05_02_52_IMG_8574.JPG,2023_02_05_02_52_IMG_8574.JPG,Motorcycle,,0.0,ILLISIBLE,OCR_echec_texte_vide,0.0,data/processed/sorted_plates\illisibles\INCONNU_2023_02_05_02_52_IMG_8574.JPG
C:\Users\ibnal\Desktop\PROJET IA X3\Automatic Number Plate Recognition\Automatic Number Plate Recognition\Number Plates\Motorcycle\2023_02_05_02_53_IMG_8500.JPG,2023_02_05_02_53_IMG_8500.JPG,Motorcycle,05222,0.9936,DOUTEUSE,format_invalide_sans_mixte,0.9936,data/processed/sorted_plates\douteuses\05222_2023_02_05_02_53_IMG_8500.JPG
C:\Users\ibnal\Desktop\PROJET IA X3\Automatic Number Plate Recognition\Automatic Number Plate Recognition\Number Plates\Motorcycle\2023_02_05_02_53_IMG_8509.JPG,2023_02_05_02_53_IMG_8509.JPG,Motorcycle,,0.0,ILLISIBLE,OCR_echec_texte_vide,0.0,data/processed/sorted_plates\illisibles\INCONNU_2023_02_05_02_53_IMG_8509.JPG
C:\Users\ibnal\Desktop\PROJET IA X3\Automatic Number Plate Recognition\Automatic Number Plate Recognition\Number Plates\Motorcycle\2023_02_05_02_53_IMG_8511.JPG,2023_02_05_02_53_IMG_8511.JPG,Motorcycle,167558,0.3392,DOUTEUSE,format_invalide_sans_mixte,0.3392,data/processed/sorted_plates\douteuses\167558_2023_02_05_02_53_IMG_8511.JPG
C:\Users\ibnal\Desktop\PROJET IA X3\Automatic Number Plate Recognition\Automatic Number Plate Recognition\Number Plates\Motorcycle\2023_02_05_02_53_IMG_8594.JPG,2023_02_05_02_53_IMG_8594.JPG,Motorcycle,,0.0,ILLISIBLE,OCR_echec_texte_vide,0.0,data/processed/sorted_plates\illisibles\INCONNU_2023_02_05_02_53_IMG_8594.JPG
C:\Users\ibnal\Desktop\PROJET IA X3\Automatic Number Plate Recognition\Automatic Number Plate Recognition\Number Plates\Motorcycle\2023_02_05_02_54_IMG_8513.JPG,2023_02_05_02_54_IMG_8513.JPG,Motorcycle,6296,0.9089,DOUTEUSE,format_invalide_sans_mixte,0.9089,data/processed/sorted_plates\douteuses\6296_2023_02_05_02_54_IMG_8513.JPG
C:\Users\ibnal\Desktop\PROJET IA X3\Automatic Number Plate Recognition\Automatic Number Plate Recognition\Number Plates\Motorcycle\2023_02_05_02_54_IMG_8523.JPG,2023_02_05_02_54_IMG_8523.JPG,Motorcycle,04197,0.9907,DOUTEUSE,format_invalide_sans_mixte,0.9907,data/processed/sorted_plates\douteuses\04197_2023_02_05_02_54_IMG_8523.JPG
C:\Users\ibnal\Desktop\PROJET IA X3\Automatic Number Plate Recognition\Automatic Number Plate Recognition\Number Plates\Motorcycle\2023_02_05_02_54_IMG_8613.JPG,2023_02_05_02_54_IMG_8613.JPG,Motorcycle,02608,0.9792,DOUTEUSE,format_invalide_sans_mixte,0.9792,data/processed/sorted_plates\douteuses\02608_2023_02_05_02_54_IMG_8613.JPG
C:\Users\ibnal\Desktop\PROJET IA X3\Automatic Number Plate Recognition\Automatic Number Plate Recognition\Number Plates\Motorcycle\2023_02_05_02_55_IMG_8630.JPG,2023_02_05_02_55_IMG_8630.JPG,Motorcycle,23265,0.5101,DOUTEUSE,format_invalide_sans_mixte,0.5101,data/processed/sorted_plates\douteuses\23265_2023_02_05_02_55_IMG_8630.JPG
C:\Users\ibnal\Desktop\PROJET IA X3\Automatic Number Plate Recognition\Automatic Number Plate Recognition\Number Plates\Motorcycle\2023_02_05_02_55_IMG_8632.JPG,2023_02_05_02_55_IMG_8632.JPG,Motorcycle,17I2,0.5396,DOUTEUSE,confiance_ocr_moyenne,0.5396,data/processed/sorted_plates\douteuses\17I2_2023_02_05_02_55_IMG_8632.JPG
C:\Users\ibnal\Desktop\PROJET IA X3\Automatic Number Plate Recognition\Automatic Number Plate Recognition\Number Plates\Motorcycle\2023_02_05_02_55_IMG_8633.JPG,2023_02_05_02_55_IMG_8633.JPG,Motorcycle,17362,0.628,DOUTEUSE,format_invalide_sans_mixte,0.628,data/processed/sorted_plates\douteuses\17362_2023_02_05_02_55_IMG_8633.JPG
C:\Users\ibnal\Desktop\PROJET IA X3\Automatic Number Plate Recognition\Automatic Number Plate Recognition\Number Plates\Motorcycle\2023_02_05_02_55_IMG_8634.JPG,2023_02_05_02_55_IMG_8634.JPG,Motorcycle,410,0.9711,DOUTEUSE,texte_trop_court,0.9711,data/processed/sorted_plates\douteuses\410_2023_02_05_02_55_IMG_8634.JPG
C:\Users\ibnal\Desktop\PROJET IA X3\Automatic Number Plate Recognition\Automatic Number Plate Recognition\Number Plates\Motorcycle\2023_02_05_02_55_IMG_8635.JPG,2023_02_05_02_55_IMG_8635.JPG,Motorcycle,01107,0.4919,DOUTEUSE,format_invalide_sans_mixte,0.4919,data/processed/sorted_plates\douteuses\01107_2023_02_05_02_55_IMG_8635.JPG
C:\Users\ibnal\Desktop\PROJET IA X3\Automatic Number Plate Recognition\Automatic Number Plate Recognition\Number Plates\Northern Region\2023_02_05_00_36_IMG_8450.JPG,2023_02_05_00_36_IMG_8450.JPG,Northern Region,MED,0.9893,DOUTEUSE,texte_trop_court,0.9893,data/processed/sorted_plates\douteuses\MED_2023_02_05_00_36_IMG_8450.JPG
C:\Users\ibnal\Desktop\PROJET IA X3\Automatic Number Plate Recognition\Automatic Number Plate Recognition\Number Plates\Northern Region\2023_02_12_06_27_IMG_1630.JPG,2023_02_12_06_27_IMG_1630.JPG,Northern Region,NRO548-22,0.8274,CONFORME,format_valide_ocr_confiant,0.8274,data/processed/sorted_plates\conformes\NRO548_22_2023_02_12_06_27_IMG_1630.JPG
C:\Users\ibnal\Desktop\PROJET IA X3\Automatic Number Plate Recognition\Automatic Number Plate Recognition\Number Plates\Northern Region\2023_02_17_11_26_IMG_2269.JPG,2023_02_17_11_26_IMG_2269.JPG,Northern Region,146,0.5276,DOUTEUSE,texte_trop_court,0.5276,data/processed/sorted_plates\douteuses\146_2023_02_17_11_26_IMG_2269.JPG
C:\Users\ibnal\Desktop\PROJET IA X3\Automatic Number Plate Recognition\Automatic Number Plate Recognition\Number Plates\Northern Region\2023_02_17_11_26_IMG_2270.JPG,2023_02_17_11_26_IMG_2270.JPG,Northern Region,CAA,0.9867,DOUTEUSE,texte_trop_court,0.9867,data/processed/sorted_plates\douteuses\CAA_2023_02_17_11_26_IMG_2270.JPG
C:\Users\ibnal\Desktop\PROJET IA X3\Automatic Number Plate Recognition\Automatic Number Plate Recognition\Number Plates\Northern Region\2023_02_17_19_26_IMG_2269.JPG,2023_02_17_19_26_IMG_2269.JPG,Northern Region,146,0.5276,DOUTEUSE,texte_trop_court,0.5276,data/processed/sorted_plates\douteuses\146_2023_02_17_19_26_IMG_2269.JPG
C:\Users\ibnal\Desktop\PROJET IA X3\Automatic Number Plate Recognition\Automatic Number Plate Recognition\Number Plates\Northern Region\2023_02_17_19_26_IMG_2270.JPG,2023_02_17_19_26_IMG_2270.JPG,Northern Region,CAA,0.9867,DOUTEUSE,texte_trop_court,0.9867,data/processed/sorted_plates\douteuses\CAA_2023_02_17_19_26_IMG_2270.JPG
C:\Users\ibnal\Desktop\PROJET IA X3\Automatic Number Plate Recognition\Automatic Number Plate Recognition\Number Plates\Northern Region\2023_03_21_04_26_IMG_6222.JPG,2023_03_21_04_26_IMG_6222.JPG,Northern Region,330-20,0.8294,DOUTEUSE,format_invalide_sans_mixte,0.8294,data/processed/sorted_plates\douteuses\330_20_2023_03_21_04_26_IMG_6222.JPG
C:\Users\ibnal\Desktop\PROJET IA X3\Automatic Number Plate Recognition\Automatic Number Plate Recognition\Number Plates\Northern Region\2023_03_22_04_31_IMG_6628.JPG,2023_03_22_04_31_IMG_6628.JPG,Northern Region,330-20,0.8958,DOUTEUSE,format_invalide_sans_mixte,0.8958,data/processed/sorted_plates\douteuses\330_20_2023_03_22_04_31_IMG_6628.JPG
C:\Users\ibnal\Desktop\PROJET IA X3\Automatic Number Plate Recognition\Automatic Number Plate Recognition\Number Plates\Northern Region\2023_03_24_04_53_IMG_7135.JPG,2023_03_24_04_53_IMG_7135.JPG,Northern Region,,0.0,ILLISIBLE,OCR_echec_texte_vide,0.0,data/processed/sorted_plates\illisibles\INCONNU_2023_03_24_04_53_IMG_7135.JPG
C:\Users\ibnal\Desktop\PROJET IA X3\Automatic Number Plate Recognition\Automatic Number Plate Recognition\Number Plates\Northern Region\2023_03_24_04_53_IMG_7411.JPG,2023_03_24_04_53_IMG_7411.JPG,Northern Region,2880-22,0.9082,DOUTEUSE,format_invalide_sans_mixte,0.9082,data/processed/sorted_plates\douteuses\2880_22_2023_03_24_04_53_IMG_7411.JPG
C:\Users\ibnal\Desktop\PROJET IA X3\Automatic Number Plate Recognition\Automatic Number Plate Recognition\Number Plates\Northern Region\2023_03_26_12_46_IMG_8995.JPG,2023_03_26_12_46_IMG_8995.JPG,Northern Region,NRO700-13,0.4904,DOUTEUSE,confiance_ocr_moyenne,0.4904,data/processed/sorted_plates\douteuses\NRO700_13_2023_03_26_12_46_IMG_8995.JPG
C:\Users\ibnal\Desktop\PROJET IA X3\Automatic Number Plate Recognition\Automatic Number Plate Recognition\Number Plates\Northern Region\2023_03_26_12_47_IMG_9020.JPG,2023_03_26_12_47_IMG_9020.JPG,Northern Region,654-13,0.9993,DOUTEUSE,format_invalide_sans_mixte,0.9993,data/processed/sorted_plates\douteuses\654_13_2023_03_26_12_47_IMG_9020.JPG
C:\Users\ibnal\Desktop\PROJET IA X3\Automatic Number Plate Recognition\Automatic Number Plate Recognition\Number Plates\Northern Region\2023_03_26_12_52_IMG_8716.JPG,2023_03_26_12_52_IMG_8716.JPG,Northern Region,NRO119-16,0.9648,CONFORME,format_valide_ocr_confiant,0.9648,data/processed/sorted_plates\conformes\NRO119_16_2023_03_26_12_52_IMG_8716.JPG
C:\Users\ibnal\Desktop\PROJET IA X3\Automatic Number Plate Recognition\Automatic Number Plate Recognition\Number Plates\Northern Region\2023_03_30_03_53_IMG_0260.JPG,2023_03_30_03_53_IMG_0260.JPG,Northern Region,OTWEA,0.9996,DOUTEUSE,format_invalide_sans_mixte,0.9996,data/processed/sorted_plates\douteuses\OTWEA_2023_03_30_03_53_IMG_0260.JPG
C:\Users\ibnal\Desktop\PROJET IA X3\Automatic Number Plate Recognition\Automatic Number Plate Recognition\Number Plates\Northern Region\2023_03_30_03_54_IMG_0259.JPG,2023_03_30_03_54_IMG_0259.JPG,Northern Region,OTWEA,0.9996,DOUTEUSE,format_invalide_sans_mixte,0.9996,data/processed/sorted_plates\douteuses\OTWEA_2023_03_30_03_54_IMG_0259.JPG
C:\Users\ibnal\Desktop\PROJET IA X3\Automatic Number Plate Recognition\Automatic Number Plate Recognition\Number Plates\Northern Region\2023_03_31_07_16_IMG_1194.JPG,2023_03_31_07_16_IMG_1194.JPG,Northern Region,105-14,0.3385,DOUTEUSE,format_invalide_sans_mixte,0.3385,data/processed/sorted_plates\douteuses\105_14_2023_03_31_07_16_IMG_1194.JPG
C:\Users\ibnal\Desktop\PROJET IA X3\Automatic Number Plate Recognition\Automatic Number Plate Recognition\Number Plates\Northern Region\2023_04_03_08_17_IMG_2504.JPG,2023_04_03_08_17_IMG_2504.JPG,Northern Region,974,0.9987,DOUTEUSE,texte_trop_court,0.9987,data/processed/sorted_plates\douteuses\974_2023_04_03_08_17_IMG_2504.JPG
C:\Users\ibnal\Desktop\PROJET IA X3\Automatic Number Plate Recognition\Automatic Number Plate Recognition\Number Plates\Northern Region\2023_04_03_08_22_IMG_2193.JPG,2023_04_03_08_22_IMG_2193.JPG,Northern Region,131-,0.8711,DOUTEUSE,format_invalide_sans_mixte,0.8711,data/processed/sorted_plates\douteuses\131__2023_04_03_08_22_IMG_2193.JPG
C:\Users\ibnal\Desktop\PROJET IA X3\Automatic Number Plate Recognition\Automatic Number Plate Recognition\Number Plates\Northern Region\2023_04_05_07_06_IMG_3594.JPG,2023_04_05_07_06_IMG_3594.JPG,Northern Region,292621,0.7517,DOUTEUSE,format_invalide_sans_mixte,0.7517,data/processed/sorted_plates\douteuses\292621_2023_04_05_07_06_IMG_3594.JPG
C:\Users\ibnal\Desktop\PROJET IA X3\Automatic Number Plate Recognition\Automatic Number Plate Recognition\Number Plates\Northern Region\2023_04_05_07_07_IMG_3622.JPG,2023_04_05_07_07_IMG_3622.JPG,Northern Region,3754,0.9231,DOUTEUSE,format_invalide_sans_mixte,0.9231,data/processed/sorted_plates\douteuses\3754_2023_04_05_07_07_IMG_3622.JPG
C:\Users\ibnal\Desktop\PROJET IA X3\Automatic Number Plate Recognition\Automatic Number Plate Recognition\Number Plates\Upper EastRegion\2023_02_03_22_13_IMG_8010.JPG,2023_02_03_22_13_IMG_8010.JPG,Upper EastRegion,WEO777-20,0.5602,DOUTEUSE,confiance_ocr_moyenne,0.5602,data/processed/sorted_plates\douteuses\WEO777_20_2023_02_03_22_13_IMG_8010.JPG
C:\Users\ibnal\Desktop\PROJET IA X3\Automatic Number Plate Recognition\Automatic Number Plate Recognition\Number Plates\Upper EastRegion\2023_02_05_00_33_IMG_8415.JPG,2023_02_05_00_33_IMG_8415.JPG,Upper EastRegion,9982-10,0.9897,DOUTEUSE,format_invalide_sans_mixte,0.9897,data/processed/sorted_plates\douteuses\9982_10_2023_02_05_00_33_IMG_8415.JPG
C:\Users\ibnal\Desktop\PROJET IA X3\Automatic Number Plate Recognition\Automatic Number Plate Recognition\Number Plates\Upper EastRegion\2023_02_07_08_25_IMG_9657.JPG,2023_02_07_08_25_IMG_9657.JPG,Upper EastRegion,UE260-12,0.7714,CONFORME,format_valide_ocr_confiant,0.7714,data/processed/sorted_plates\conformes\UE260_12_2023_02_07_08_25_IMG_9657.JPG
C:\Users\ibnal\Desktop\PROJET IA X3\Automatic Number Plate Recognition\Automatic Number Plate Recognition\Number Plates\Upper EastRegion\2023_02_07_16_25_IMG_9657.JPG,2023_02_07_16_25_IMG_9657.JPG,Upper EastRegion,UE260-12,0.7714,CONFORME,format_valide_ocr_confiant,0.7714,data/processed/sorted_plates\conformes\UE260_12_2023_02_07_16_25_IMG_9657.JPG
C:\Users\ibnal\Desktop\PROJET IA X3\Automatic Number Plate Recognition\Automatic Number Plate Recognition\Number Plates\Upper EastRegion\2023_02_08_04_06_IMG_9809.JPG,2023_02_08_04_06_IMG_9809.JPG,Upper EastRegion,692,0.9999,DOUTEUSE,texte_trop_court,0.9999,data/processed/sorted_plates\douteuses\692_2023_02_08_04_06_IMG_9809.JPG
C:\Users\ibnal\Desktop\PROJET IA X3\Automatic Number Plate Recognition\Automatic Number Plate Recognition\Number Plates\Upper EastRegion\2023_02_10_05_24_IMG_0790.JPG,2023_02_10_05_24_IMG_0790.JPG,Upper EastRegion,,0.0,ILLISIBLE,OCR_echec_texte_vide,0.0,data/processed/sorted_plates\illisibles\INCONNU_2023_02_10_05_24_IMG_0790.JPG
C:\Users\ibnal\Desktop\PROJET IA X3\Automatic Number Plate Recognition\Automatic Number Plate Recognition\Number Plates\Upper EastRegion\2023_02_10_05_25_IMG_0706.JPG,2023_02_10_05_25_IMG_0706.JPG,Upper EastRegion,218-12,0.9871,DOUTEUSE,format_invalide_sans_mixte,0.9871,data/processed/sorted_plates\douteuses\218_12_2023_02_10_05_25_IMG_0706.JPG
C:\Users\ibnal\Desktop\PROJET IA X3\Automatic Number Plate Recognition\Automatic Number Plate Recognition\Number Plates\Upper EastRegion\2023_03_24_04_53_IMG_7410.JPG,2023_03_24_04_53_IMG_7410.JPG,Upper EastRegion,2058,0.9994,DOUTEUSE,format_invalide_sans_mixte,0.9994,data/processed/sorted_plates\douteuses\2058_2023_03_24_04_53_IMG_7410.JPG
C:\Users\ibnal\Desktop\PROJET IA X3\Automatic Number Plate Recognition\Automatic Number Plate Recognition\Number Plates\Upper EastRegion\2023_03_29_06_03_IMG_0184.JPG,2023_03_29_06_03_IMG_0184.JPG,Upper EastRegion,218-12,0.9999,DOUTEUSE,format_invalide_sans_mixte,0.9999,data/processed/sorted_plates\douteuses\218_12_2023_03_29_06_03_IMG_0184.JPG
C:\Users\ibnal\Desktop\PROJET IA X3\Automatic Number Plate Recognition\Automatic Number Plate Recognition\Number Plates\Upper EastRegion\2023_04_08_05_16_IMG_5280.JPG,2023_04_08_05_16_IMG_5280.JPG,Upper EastRegion,1616,0.2096,ILLISIBLE,confiance_ocr_trop_faible,0.2096,data/processed/sorted_plates\illisibles\1616_2023_04_08_05_16_IMG_5280.JPG
C:\Users\ibnal\Desktop\PROJET IA X3\Automatic Number Plate Recognition\Automatic Number Plate Recognition\Number Plates\UpperWestRegion\2023_02_02_04_02_IMG_7422.JPG,2023_02_02_04_02_IMG_7422.JPG,UpperWestRegion,226,1.0,DOUTEUSE,texte_trop_court,1.0,data/processed/sorted_plates\douteuses\226_2023_02_02_04_02_IMG_7422.JPG
C:\Users\ibnal\Desktop\PROJET IA X3\Automatic Number Plate Recognition\Automatic Number Plate Recognition\Number Plates\UpperWestRegion\2023_03_22_04_30_IMG_6697.JPG,2023_03_22_04_30_IMG_6697.JPG,UpperWestRegion,,0.0,ILLISIBLE,OCR_echec_texte_vide,0.0,data/processed/sorted_plates\illisibles\INCONNU_2023_03_22_04_30_IMG_6697.JPG
C:\Users\ibnal\Desktop\PROJET IA X3\Automatic Number Plate Recognition\Automatic Number Plate Recognition\Number Plates\UpperWestRegion\2023_03_22_04_33_IMG_6587.JPG,2023_03_22_04_33_IMG_6587.JPG,UpperWestRegion,114-21,0.9848,DOUTEUSE,format_invalide_sans_mixte,0.9848,data/processed/sorted_plates\douteuses\114_21_2023_03_22_04_33_IMG_6587.JPG
C:\Users\ibnal\Desktop\PROJET IA X3\Automatic Number Plate Recognition\Automatic Number Plate Recognition\Number Plates\UpperWestRegion\2023_03_24_04_56_IMG_7471.JPG,2023_03_24_04_56_IMG_7471.JPG,UpperWestRegion,114-21,0.9617,DOUTEUSE,format_invalide_sans_mixte,0.9617,data/processed/sorted_plates\douteuses\114_21_2023_03_24_04_56_IMG_7471.JPG
C:\Users\ibnal\Desktop\PROJET IA X3\Automatic Number Plate Recognition\Automatic Number Plate Recognition\Number Plates\UpperWestRegion\2023_03_24_05_00_IMG_7256.JPG,2023_03_24_05_00_IMG_7256.JPG,UpperWestRegion,UHO1979-22,0.7409,CONFORME,format_valide_ocr_confiant,0.7409,data/processed/sorted_plates\conformes\UHO1979_22_2023_03_24_05_00_IMG_7256.JPG
C:\Users\ibnal\Desktop\PROJET IA X3\Automatic Number Plate Recognition\Automatic Number Plate Recognition\Number Plates\UpperWestRegion\2023_03_26_12_48_IMG_9029.JPG,2023_03_26_12_48_IMG_9029.JPG,UpperWestRegion,11421,0.7295,DOUTEUSE,format_invalide_sans_mixte,0.7295,data/processed/sorted_plates\douteuses\11421_2023_03_26_12_48_IMG_9029.JPG
C:\Users\ibnal\Desktop\PROJET IA X3\Automatic Number Plate Recognition\Automatic Number Plate Recognition\Number Plates\UpperWestRegion\2023_03_28_04_49_IMG_9396.JPG,2023_03_28_04_49_IMG_9396.JPG,UpperWestRegion,699,0.9611,DOUTEUSE,texte_trop_court,0.9611,data/processed/sorted_plates\douteuses\699_2023_03_28_04_49_IMG_9396.JPG
C:\Users\ibnal\Desktop\PROJET IA X3\Automatic Number Plate Recognition\Automatic Number Plate Recognition\Number Plates\UpperWestRegion\2023_03_28_04_50_IMG_9384.JPG,2023_03_28_04_50_IMG_9384.JPG,UpperWestRegion,692,0.9872,DOUTEUSE,texte_trop_court,0.9872,data/processed/sorted_plates\douteuses\692_2023_03_28_04_50_IMG_9384.JPG
C:\Users\ibnal\Desktop\PROJET IA X3\Automatic Number Plate Recognition\Automatic Number Plate Recognition\Number Plates\UpperWestRegion\2023_03_30_03_47_IMG_0594.JPG,2023_03_30_03_47_IMG_0594.JPG,UpperWestRegion,OLION,0.9939,DOUTEUSE,format_invalide_sans_mixte,0.9939,data/processed/sorted_plates\douteuses\OLION_2023_03_30_03_47_IMG_0594.JPG
C:\Users\ibnal\Desktop\PROJET IA X3\Automatic Number Plate Recognition\Automatic Number Plate Recognition\Number Plates\UpperWestRegion\2023_03_31_07_14_IMG_1273.JPG,2023_03_31_07_14_IMG_1273.JPG,UpperWestRegion,692,0.9985,DOUTEUSE,texte_trop_court,0.9985,data/processed/sorted_plates\douteuses\692_2023_03_31_07_14_IMG_1273.JPG
C:\Users\ibnal\Desktop\PROJET IA X3\Automatic Number Plate Recognition\Automatic Number Plate Recognition\Number Plates\UpperWestRegion\2023_04_02_09_05_IMG_1617.JPG,2023_04_02_09_05_IMG_1617.JPG,UpperWestRegion,1349,0.9987,DOUTEUSE,format_invalide_sans_mixte,0.9987,data/processed/sorted_plates\douteuses\1349_2023_04_02_09_05_IMG_1617.JPG
C:\Users\ibnal\Desktop\PROJET IA X3\Automatic Number Plate Recognition\Automatic Number Plate Recognition\Number Plates\UpperWestRegion\2023_04_03_08_14_IMG_2329.JPG,2023_04_03_08_14_IMG_2329.JPG,UpperWestRegion,104-12,0.931,DOUTEUSE,format_invalide_sans_mixte,0.931,data/processed/sorted_plates\douteuses\104_12_2023_04_03_08_14_IMG_2329.JPG
C:\Users\ibnal\Desktop\PROJET IA X3\Automatic Number Plate Recognition\Automatic Number Plate Recognition\Number Plates\UpperWestRegion\2023_04_08_05_24_IMG_5578.JPG,2023_04_08_05_24_IMG_5578.JPG,UpperWestRegion,421,0.1361,ILLISIBLE,confiance_ocr_trop_faible,0.1361,data/processed/sorted_plates\illisibles\421_2023_04_08_05_24_IMG_5578.JPG
C:\Users\ibnal\Desktop\PROJET IA X3\Automatic Number Plate Recognition\Automatic Number Plate Recognition\Number Plates\UpperWestRegion\2023_04_18_15_38_IMG_7273.JPG,2023_04_18_15_38_IMG_7273.JPG,UpperWestRegion,1763-13,0.976,DOUTEUSE,format_invalide_sans_mixte,0.976,data/processed/sorted_plates\douteuses\1763_13_2023_04_18_15_38_IMG_7273.JPG
C:\Users\ibnal\Desktop\PROJET IA X3\Automatic Number Plate Recognition\Automatic Number Plate Recognition\Number Plates\UpperWestRegion\2023_04_18_15_38_IMG_7277.JPG,2023_04_18_15_38_IMG_7277.JPG,UpperWestRegion,MISSAN,0.9162,DOUTEUSE,format_invalide_sans_mixte,0.9162,data/processed/sorted_plates\douteuses\MISSAN_2023_04_18_15_38_IMG_7277.JPG
C:\Users\ibnal\Desktop\PROJET IA X3\Automatic Number Plate Recognition\Automatic Number Plate Recognition\Number Plates\UpperWestRegion\2023_04_18_15_44_IMG_7308.JPG,2023_04_18_15_44_IMG_7308.JPG,UpperWestRegion,1646-21,0.9288,DOUTEUSE,format_invalide_sans_mixte,0.9288,data/processed/sorted_plates\douteuses\1646_21_2023_04_18_15_44_IMG_7308.JPG
C:\Users\ibnal\Desktop\PROJET IA X3\Automatic Number Plate Recognition\Automatic Number Plate Recognition\Number Plates\UpperWestRegion\2023_07_07_14_04_IMG_1909.JPG,2023_07_07_14_04_IMG_1909.JPG,UpperWestRegion,936-20,0.9969,DOUTEUSE,format_invalide_sans_mixte,0.9969,data/processed/sorted_plates\douteuses\936_20_2023_07_07_14_04_IMG_1909.JPG
C:\Users\ibnal\Desktop\PROJET IA X3\Automatic Number Plate Recognition\Automatic Number Plate Recognition\Number Plates\UpperWestRegion\2023_07_07_15_15_IMG_1984.JPG,2023_07_07_15_15_IMG_1984.JPG,UpperWestRegion,53-12,0.9291,DOUTEUSE,format_invalide_sans_mixte,0.9291,data/processed/sorted_plates\douteuses\53_12_2023_07_07_15_15_IMG_1984.JPG
C:\Users\ibnal\Desktop\PROJET IA X3\Automatic Number Plate Recognition\Automatic Number Plate Recognition\Number Plates\UpperWestRegion\2023_07_07_15_33_IMG_2022.JPG,2023_07_07_15_33_IMG_2022.JPG,UpperWestRegion,373-21,0.9998,DOUTEUSE,format_invalide_sans_mixte,0.9998,data/processed/sorted_plates\douteuses\373_21_2023_07_07_15_33_IMG_2022.JPG
C:\Users\ibnal\Desktop\PROJET IA X3\Automatic Number Plate Recognition\Automatic Number Plate Recognition\Number Plates\Volta Region\2023_02_03_22_13_IMG_8011.JPG,2023_02_03_22_13_IMG_8011.JPG,Volta Region,S050-17,0.8417,CONFORME,format_valide_ocr_confiant,0.8417,data/processed/sorted_plates\conformes\S050_17_2023_02_03_22_13_IMG_8011.JPG
C:\Users\ibnal\Desktop\PROJET IA X3\Automatic Number Plate Recognition\Automatic Number Plate Recognition\Number Plates\Volta Region\2023_02_05_00_45_IMG_8484.JPG,2023_02_05_00_45_IMG_8484.JPG,Volta Region,RICHARD,0.9998,DOUTEUSE,format_invalide_sans_mixte,0.9998,data/processed/sorted_plates\douteuses\RICHARD_2023_02_05_00_45_IMG_8484.JPG
C:\Users\ibnal\Desktop\PROJET IA X3\Automatic Number Plate Recognition\Automatic Number Plate Recognition\Number Plates\Volta Region\2023_02_05_00_45_IMG_8485.JPG,2023_02_05_00_45_IMG_8485.JPG,Volta Region,RICHARD,0.9999,DOUTEUSE,format_invalide_sans_mixte,0.9999,data/processed/sorted_plates\douteuses\RICHARD_2023_02_05_00_45_IMG_8485.JPG
C:\Users\ibnal\Desktop\PROJET IA X3\Automatic Number Plate Recognition\Automatic Number Plate Recognition\Number Plates\Volta Region\2023_02_08_04_06_IMG_9788.JPG,2023_02_08_04_06_IMG_9788.JPG,Volta Region,VR0543-14A,0.8492,CONFORME,format_valide_ocr_confiant,0.8492,data/processed/sorted_plates\conformes\VR0543_14A_2023_02_08_04_06_IMG_9788.JPG
C:\Users\ibnal\Desktop\PROJET IA X3\Automatic Number Plate Recognition\Automatic Number Plate Recognition\Number Plates\Volta Region\2023_02_08_04_09_IMG_9961.JPG,2023_02_08_04_09_IMG_9961.JPG,Volta Region,02232,0.9838,DOUTEUSE,format_invalide_sans_mixte,0.9838,data/processed/sorted_plates\douteuses\02232_2023_02_08_04_09_IMG_9961.JPG
C:\Users\ibnal\Desktop\PROJET IA X3\Automatic Number Plate Recognition\Automatic Number Plate Recognition\Number Plates\Volta Region\2023_02_17_05_23_IMG_2173.JPG,2023_02_17_05_23_IMG_2173.JPG,Volta Region,VDO901-22,0.989,CONFORME,format_valide_ocr_confiant,0.989,data/processed/sorted_plates\conformes\VDO901_22_2023_02_17_05_23_IMG_2173.JPG
C:\Users\ibnal\Desktop\PROJET IA X3\Automatic Number Plate Recognition\Automatic Number Plate Recognition\Number Plates\Volta Region\2023_03_27_02_16_IMG_8620.JPG,2023_03_27_02_16_IMG_8620.JPG,Volta Region,VR09999-12,0.9278,CONFORME,format_valide_ocr_confiant,0.9278,data/processed/sorted_plates\conformes\VR09999_12_2023_03_27_02_16_IMG_8620.JPG
C:\Users\ibnal\Desktop\PROJET IA X3\Automatic Number Plate Recognition\Automatic Number Plate Recognition\Number Plates\Western Region\2022_05_18_09_07_IMG_0430.JPG,2022_05_18_09_07_IMG_0430.JPG,Western Region,572-21,0.6097,DOUTEUSE,format_invalide_sans_mixte,0.6097,data/processed/sorted_plates\douteuses\572_21_2022_05_18_09_07_IMG_0430.JPG
C:\Users\ibnal\Desktop\PROJET IA X3\Automatic Number Plate Recognition\Automatic Number Plate Recognition\Number Plates\Western Region\2022_05_18_09_07_IMG_0431.JPG,2022_05_18_09_07_IMG_0431.JPG,Western Region,WTO577-20,0.4834,DOUTEUSE,confiance_ocr_moyenne,0.4834,data/processed/sorted_plates\douteuses\WTO577_20_2022_05_18_09_07_IMG_0431.JPG
C:\Users\ibnal\Desktop\PROJET IA X3\Automatic Number Plate Recognition\Automatic Number Plate Recognition\Number Plates\Western Region\2023_02_04_12_20_IMG_8186.JPG,2023_02_04_12_20_IMG_8186.JPG,Western Region,3173-18,0.9997,DOUTEUSE,format_invalide_sans_mixte,0.9997,data/processed/sorted_plates\douteuses\3173_18_2023_02_04_12_20_IMG_8186.JPG
C:\Users\ibnal\Desktop\PROJET IA X3\Automatic Number Plate Recognition\Automatic Number Plate Recognition\Number Plates\Western Region\2023_02_04_16_06_IMG_8274.JPG,2023_02_04_16_06_IMG_8274.JPG,Western Region,974-17,0.9978,DOUTEUSE,format_invalide_sans_mixte,0.9978,data/processed/sorted_plates\douteuses\974_17_2023_02_04_16_06_IMG_8274.JPG
C:\Users\ibnal\Desktop\PROJET IA X3\Automatic Number Plate Recognition\Automatic Number Plate Recognition\Number Plates\Western Region\2023_02_04_16_06_IMG_8275.JPG,2023_02_04_16_06_IMG_8275.JPG,Western Region,974-17,0.8742,DOUTEUSE,format_invalide_sans_mixte,0.8742,data/processed/sorted_plates\douteuses\974_17_2023_02_04_16_06_IMG_8275.JPG
C:\Users\ibnal\Desktop\PROJET IA X3\Automatic Number Plate Recognition\Automatic Number Plate Recognition\Number Plates\Western Region\2023_02_04_16_06_IMG_8276.JPG,2023_02_04_16_06_IMG_8276.JPG,Western Region,RE97K37,0.4216,DOUTEUSE,confiance_ocr_moyenne,0.4216,data/processed/sorted_plates\douteuses\RE97K37_2023_02_04_16_06_IMG_8276.JPG
C:\Users\ibnal\Desktop\PROJET IA X3\Automatic Number Plate Recognition\Automatic Number Plate Recognition\Number Plates\Western Region\2023_02_04_16_06_IMG_8279.JPG,2023_02_04_16_06_IMG_8279.JPG,Western Region,974-17,0.8742,DOUTEUSE,format_invalide_sans_mixte,0.8742,data/processed/sorted_plates\douteuses\974_17_2023_02_04_16_06_IMG_8279.JPG
C:\Users\ibnal\Desktop\PROJET IA X3\Automatic Number Plate Recognition\Automatic Number Plate Recognition\Number Plates\Western Region\2023_02_04_16_06_IMG_8280.JPG,2023_02_04_16_06_IMG_8280.JPG,Western Region,974-17,0.9978,DOUTEUSE,format_invalide_sans_mixte,0.9978,data/processed/sorted_plates\douteuses\974_17_2023_02_04_16_06_IMG_8280.JPG
C:\Users\ibnal\Desktop\PROJET IA X3\Automatic Number Plate Recognition\Automatic Number Plate Recognition\Number Plates\Western Region\2023_02_05_00_30_IMG_8401.JPG,2023_02_05_00_30_IMG_8401.JPG,Western Region,MRO821-2F7,0.5699,DOUTEUSE,confiance_ocr_moyenne,0.5699,data/processed/sorted_plates\douteuses\MRO821_2F7_2023_02_05_00_30_IMG_8401.JPG
C:\Users\ibnal\Desktop\PROJET IA X3\Automatic Number Plate Recognition\Automatic Number Plate Recognition\Number Plates\Western Region\2023_02_05_00_31_IMG_8407.JPG,2023_02_05_00_31_IMG_8407.JPG,Western Region,580,0.9844,DOUTEUSE,texte_trop_court,0.9844,data/processed/sorted_plates\douteuses\580_2023_02_05_00_31_IMG_8407.JPG
C:\Users\ibnal\Desktop\PROJET IA X3\Automatic Number Plate Recognition\Automatic Number Plate Recognition\Number Plates\Western Region\2023_02_05_00_39_IMG_8457.JPG,2023_02_05_00_39_IMG_8457.JPG,Western Region,BEIGE,0.942,DOUTEUSE,format_invalide_sans_mixte,0.942,data/processed/sorted_plates\douteuses\BEIGE_2023_02_05_00_39_IMG_8457.JPG
C:\Users\ibnal\Desktop\PROJET IA X3\Automatic Number Plate Recognition\Automatic Number Plate Recognition\Number Plates\Western Region\2023_02_05_00_39_IMG_8461.JPG,2023_02_05_00_39_IMG_8461.JPG,Western Region,2369-21,0.9881,DOUTEUSE,format_invalide_sans_mixte,0.9881,data/processed/sorted_plates\douteuses\2369_21_2023_02_05_00_39_IMG_8461.JPG
C:\Users\ibnal\Desktop\PROJET IA X3\Automatic Number Plate Recognition\Automatic Number Plate Recognition\Number Plates\Western Region\2023_02_05_00_40_IMG_8475.JPG,2023_02_05_00_40_IMG_8475.JPG,Western Region,1710-16,0.6704,DOUTEUSE,format_invalide_sans_mixte,0.6704,data/processed/sorted_plates\douteuses\1710_16_2023_02_05_00_40_IMG_8475.JPG
C:\Users\ibnal\Desktop\PROJET IA X3\Automatic Number Plate Recognition\Automatic Number Plate Recognition\Number Plates\Western Region\2023_02_05_02_52_IMG_8569.JPG,2023_02_05_02_52_IMG_8569.JPG,Western Region,4422-13,0.9906,DOUTEUSE,format_invalide_sans_mixte,0.9906,data/processed/sorted_plates\douteuses\4422_13_2023_02_05_02_52_IMG_8569.JPG
C:\Users\ibnal\Desktop\PROJET IA X3\Automatic Number Plate Recognition\Automatic Number Plate Recognition\Number Plates\Western Region\2023_02_05_07_58_IMG_8902.JPG,2023_02_05_07_58_IMG_8902.JPG,Western Region,FORST,0.5502,DOUTEUSE,format_invalide_sans_mixte,0.5502,data/processed/sorted_plates\douteuses\FORST_2023_02_05_07_58_IMG_8902.JPG
C:\Users\ibnal\Desktop\PROJET IA X3\Automatic Number Plate Recognition\Automatic Number Plate Recognition\Number Plates\Western Region\2023_02_07_03_31_IMG_9614.JPG,2023_02_07_03_31_IMG_9614.JPG,Western Region,786,1.0,DOUTEUSE,texte_trop_court,1.0,data/processed/sorted_plates\douteuses\786_2023_02_07_03_31_IMG_9614.JPG
C:\Users\ibnal\Desktop\PROJET IA X3\Automatic Number Plate Recognition\Automatic Number Plate Recognition\Number Plates\Western Region\2023_02_07_03_32_IMG_9219.JPG,2023_02_07_03_32_IMG_9219.JPG,Western Region,WRO8665,0.9875,CONFORME,format_valide_ocr_confiant,0.9875,data/processed/sorted_plates\conformes\WRO8665_2023_02_07_03_32_IMG_9219.JPG
C:\Users\ibnal\Desktop\PROJET IA X3\Automatic Number Plate Recognition\Automatic Number Plate Recognition\Number Plates\Western Region\2023_02_07_03_34_IMG_9513.JPG,2023_02_07_03_34_IMG_9513.JPG,Western Region,,0.0,ILLISIBLE,OCR_echec_texte_vide,0.0,data/processed/sorted_plates\illisibles\INCONNU_2023_02_07_03_34_IMG_9513.JPG
C:\Users\ibnal\Desktop\PROJET IA X3\Automatic Number Plate Recognition\Automatic Number Plate Recognition\Number Plates\Western Region\2023_02_07_03_37_IMG_9352.JPG,2023_02_07_03_37_IMG_9352.JPG,Western Region,1348,0.9999,DOUTEUSE,format_invalide_sans_mixte,0.9999,data/processed/sorted_plates\douteuses\1348_2023_02_07_03_37_IMG_9352.JPG
C:\Users\ibnal\Desktop\PROJET IA X3\Automatic Number Plate Recognition\Automatic Number Plate Recognition\Number Plates\Western Region\2023_02_08_04_08_IMG_9912.JPG,2023_02_08_04_08_IMG_9912.JPG,Western Region,4220,0.5184,DOUTEUSE,format_invalide_sans_mixte,0.5184,data/processed/sorted_plates\douteuses\4220_2023_02_08_04_08_IMG_9912.JPG
