split,filename,image_path,plaque_path,xmin,ymin,xmax,ymax,texte_ocr,confiance_ocr,lettres,chiffres,symboles,n_lettres,n_chiffres,n_symboles,longueur,categorie,raison
train,xemay1793_jpg.rf.0dc26bab2eb4bb60c25bf0430a744691.jpg,C:\Users\ibnal\Desktop\PROJET IA X3\archive\train\xemay1793_jpg.rf.0dc26bab2eb4bb60c25bf0430a744691.jpg,data/processed/plates_cropped\train_0_xemay1793_jpg.rf.0dc26bab2eb4bb60c25bf0430a744691.jpg,154,82,218,127,19374,0.5854,,19374,,0,5,0,5,DOUTEUSE,aucune_lettre
train,xemay1850_jpg.rf.a89277812aac9136da653af67d7e3df9.jpg,C:\Users\ibnal\Desktop\PROJET IA X3\archive\train\xemay1850_jpg.rf.a89277812aac9136da653af67d7e3df9.jpg,data/processed/plates_cropped\train_1_xemay1850_jpg.rf.a89277812aac9136da653af67d7e3df9.jpg,187,122,249,169,L28.72,0.5063,L,2872,.,1,4,1,6,CONFORME,format_valide
train,rotatequandoi50_jpg.rf.fcc6a91af1b79436df370a07040d00ad.jpg,C:\Users\ibnal\Desktop\PROJET IA X3\archive\train\rotatequandoi50_jpg.rf.fcc6a91af1b79436df370a07040d00ad.jpg,data/processed/plates_cropped\train_2_rotatequandoi50_jpg.rf.fcc6a91af1b79436df370a07040d00ad.jpg,260,322,325,370,,0.0,,,,0,0,0,0,ILLISIBLE,texte_vide
train,Cars354_png_jpg.rf.52d6d5fb18efb7075b02ccc55c40ea71.jpg,C:\Users\ibnal\Desktop\PROJET IA X3\archive\train\Cars354_png_jpg.rf.52d6d5fb18efb7075b02ccc55c40ea71.jpg,data/processed/plates_cropped\train_3_Cars354_png_jpg.rf.52d6d5fb18efb7075b02ccc55c40ea71.jpg,64,201,101,221,,0.0,,,,0,0,0,0,ILLISIBLE,texte_vide
train,CarLongPlateGen2076_jpg.rf.2c1888f949cec4ec6e85f6e4a68684c5.jpg,C:\Users\ibnal\Desktop\PROJET IA X3\archive\train\CarLongPlateGen2076_jpg.rf.2c1888f949cec4ec6e85f6e4a68684c5.jpg,data/processed/plates_cropped\train_4_CarLongPlateGen2076_jpg.rf.2c1888f949cec4ec6e85f6e4a68684c5.jpg,316,242,412,271,6E-161.69,0.4501,E,616169,-.,1,6,2,9,DOUTEUSE,confiance_moyenne
train,quandoi78_jpg.rf.44630427bfeefe5b07e74c100e14a9b5.jpg,C:\Users\ibnal\Desktop\PROJET IA X3\archive\train\quandoi78_jpg.rf.44630427bfeefe5b07e74c100e14a9b5.jpg,data/processed/plates_cropped\train_5_quandoi78_jpg.rf.44630427bfeefe5b07e74c100e14a9b5.jpg,741,318,874,399,PK-53-46,0.4255,PK,5346,--,2,4,2,8,DOUTEUSE,confiance_moyenne
train,quandoi85_jpg.rf.8a2ecee1827fa2eaf0a99c1ec91f8d82.jpg,C:\Users\ibnal\Desktop\PROJET IA X3\archive\train\quandoi85_jpg.rf.8a2ecee1827fa2eaf0a99c1ec91f8d82.jpg,data/processed/plates_cropped\train_6_quandoi85_jpg.rf.8a2ecee1827fa2eaf0a99c1ec91f8d82.jpg,187,262,213,284,522,0.1332,,522,,0,3,0,3,ILLISIBLE,confiance_trop_faible
train,quandoi85_jpg.rf.8a2ecee1827fa2eaf0a99c1ec91f8d82.jpg,C:\Users\ibnal\Desktop\PROJET IA X3\archive\train\quandoi85_jpg.rf.8a2ecee1827fa2eaf0a99c1ec91f8d82.jpg,data/processed/plates_cropped\train_7_quandoi85_jpg.rf.8a2ecee1827fa2eaf0a99c1ec91f8d82.jpg,427,277,446,291,,0.0,,,,0,0,0,0,ILLISIBLE,texte_vide
train,pic_052_jpg.rf.8d8ada4bb6d13b9664ebc6f47f4ca36b.jpg,C:\Users\ibnal\Desktop\PROJET IA X3\archive\train\pic_052_jpg.rf.8d8ada4bb6d13b9664ebc6f47f4ca36b.jpg,data/processed/plates_cropped\train_8_pic_052_jpg.rf.8d8ada4bb6d13b9664ebc6f47f4ca36b.jpg,738,421,975,497,OYIHV,0.5996,OYIHV,,,5,0,0,5,DOUTEUSE,aucun_chiffre
train,Cars21_png_jpg.rf.5437d6da5e6270766d901440acf995b8.jpg,C:\Users\ibnal\Desktop\PROJET IA X3\archive\train\Cars21_png_jpg.rf.5437d6da5e6270766d901440acf995b8.jpg,data/processed/plates_cropped\train_9_Cars21_png_jpg.rf.5437d6da5e6270766d901440acf995b8.jpg,190,164,254,191,4RO,0.1038,RO,4,,2,1,0,3,ILLISIBLE,confiance_trop_faible
train,cropquandoi84_jpg.rf.c0529defc0a9e176135940396c021063.jpg,C:\Users\ibnal\Desktop\PROJET IA X3\archive\train\cropquandoi84_jpg.rf.c0529defc0a9e176135940396c021063.jpg,data/processed/plates_cropped\train_10_cropquandoi84_jpg.rf.c0529defc0a9e176135940396c021063.jpg,612,541,696,613,52-40,0.3876,,5240,-,0,4,1,5,DOUTEUSE,aucune_lettre
train,CarLongPlateGen1436_jpg.rf.07d814bef8a8f91855a15e4232b450da.jpg,C:\Users\ibnal\Desktop\PROJET IA X3\archive\train\CarLongPlateGen1436_jpg.rf.07d814bef8a8f91855a15e4232b450da.jpg,data/processed/plates_cropped\train_11_CarLongPlateGen1436_jpg.rf.07d814bef8a8f91855a15e4232b450da.jpg,210,95,312,129,616-510.08,0.9351,,61651008,-.,0,8,2,10,DOUTEUSE,aucune_lettre
train,rotatequandoi4_jpg.rf.bba6e3dfd506fa2fb35569331e051197.jpg,C:\Users\ibnal\Desktop\PROJET IA X3\archive\train\rotatequandoi4_jpg.rf.bba6e3dfd506fa2fb35569331e051197.jpg,data/processed/plates_cropped\train_12_rotatequandoi4_jpg.rf.bba6e3dfd506fa2fb35569331e051197.jpg,756,356,819,386,03576,0.1344,,03576,,0,5,0,5,ILLISIBLE,confiance_trop_faible
train,rotatequandoi4_jpg.rf.bba6e3dfd506fa2fb35569331e051197.jpg,C:\Users\ibnal\Desktop\PROJET IA X3\archive\train\rotatequandoi4_jpg.rf.bba6e3dfd506fa2fb35569331e051197.jpg,data/processed/plates_cropped\train_13_rotatequandoi4_jpg.rf.bba6e3dfd506fa2fb35569331e051197.jpg,200,421,226,432,,0.0,,,,0,0,0,0,ILLISIBLE,texte_vide
train,xemay298_jpg.rf.b9e6c5bf0bafafd156ea6d8ecba76028.jpg,C:\Users\ibnal\Desktop\PROJET IA X3\archive\train\xemay298_jpg.rf.b9e6c5bf0bafafd156ea6d8ecba76028.jpg,data/processed/plates_cropped\train_14_xemay298_jpg.rf.b9e6c5bf0bafafd156ea6d8ecba76028.jpg,162,118,242,185,59-82,0.3139,,5982,-,0,4,1,5,DOUTEUSE,aucune_lettre
train,images39_jpg.rf.c5272e981545aa2e72aa3897ab72552a.jpg,C:\Users\ibnal\Desktop\PROJET IA X3\archive\train\images39_jpg.rf.c5272e981545aa2e72aa3897ab72552a.jpg,data/processed/plates_cropped\train_15_images39_jpg.rf.c5272e981545aa2e72aa3897ab72552a.jpg,122,53,201,89,EVS ROCK,0.623,EVSROCK,, ,7,0,1,8,DOUTEUSE,aucun_chiffre
train,CarLongPlateGen1437_jpg.rf.4f6aea63b574e6c601ea0570dc1f58be.jpg,C:\Users\ibnal\Desktop\PROJET IA X3\archive\train\CarLongPlateGen1437_jpg.rf.4f6aea63b574e6c601ea0570dc1f58be.jpg,data/processed/plates_cropped\train_16_CarLongPlateGen1437_jpg.rf.4f6aea63b574e6c601ea0570dc1f58be.jpg,164,138,275,171,646.4403,0.4429,,6464403,.,0,7,1,8,DOUTEUSE,aucune_lettre
train,CarLongPlateGen2911_jpg.rf.7609a883c2d83c974e3f88c61cce8e80.jpg,C:\Users\ibnal\Desktop\PROJET IA X3\archive\train\CarLongPlateGen2911_jpg.rf.7609a883c2d83c974e3f88c61cce8e80.jpg,data/processed/plates_cropped\train_17_CarLongPlateGen2911_jpg.rf.7609a883c2d83c974e3f88c61cce8e80.jpg,309,74,376,134,62820,0.4494,,62820,,0,5,0,5,DOUTEUSE,aucune_lettre
train,CarLongPlateGen143_jpg.rf.8997a6c7cd2901931723d9ba65906f32.jpg,C:\Users\ibnal\Desktop\PROJET IA X3\archive\train\CarLongPlateGen143_jpg.rf.8997a6c7cd2901931723d9ba65906f32.jpg,data/processed/plates_cropped\train_18_CarLongPlateGen143_jpg.rf.8997a6c7cd2901931723d9ba65906f32.jpg,249,189,297,198,EE,0.0712,EE,,,2,0,0,2,ILLISIBLE,confiance_trop_faible
train,CarLongPlateGen1432_jpg.rf.90391554147a83238648b932adc230fc.jpg,C:\Users\ibnal\Desktop\PROJET IA X3\archive\train\CarLongPlateGen1432_jpg.rf.90391554147a83238648b932adc230fc.jpg,data/processed/plates_cropped\train_19_CarLongPlateGen1432_jpg.rf.90391554147a83238648b932adc230fc.jpg,195,147,307,184,69172,0.5804,,69172,,0,5,0,5,DOUTEUSE,aucune_lettre
train,Cars121_png_jpg.rf.3bf9f0ee0a26dd699fb2d60f008c2f31.jpg,C:\Users\ibnal\Desktop\PROJET IA X3\archive\train\Cars121_png_jpg.rf.3bf9f0ee0a26dd699fb2d60f008c2f31.jpg,data/processed/plates_cropped\train_20_Cars121_png_jpg.rf.3bf9f0ee0a26dd699fb2d60f008c2f31.jpg,335,191,356,203,,0.0,,,,0,0,0,0,ILLISIBLE,texte_vide
train,CarLongPlateGen1481_jpg.rf.a604f94d75f7e7077c44f8311d37d486.jpg,C:\Users\ibnal\Desktop\PROJET IA X3\archive\train\CarLongPlateGen1481_jpg.rf.a604f94d75f7e7077c44f8311d37d486.jpg,data/processed/plates_cropped\train_21_CarLongPlateGen1481_jpg.rf.a604f94d75f7e7077c44f8311d37d486.jpg,238,168,334,198,6F 59881,0.6057,F,659881, ,1,6,1,8,CONFORME,format_valide
train,CarLongPlateGen1257_jpg.rf.cca80a7fcf4d90190b153dec6e35d7e5.jpg,C:\Users\ibnal\Desktop\PROJET IA X3\archive\train\CarLongPlateGen1257_jpg.rf.cca80a7fcf4d90190b153dec6e35d7e5.jpg,data/processed/plates_cropped\train_22_CarLongPlateGen1257_jpg.rf.cca80a7fcf4d90190b153dec6e35d7e5.jpg,157,135,262,159,61037675,0.971,,61037675,,0,8,0,8,DOUTEUSE,aucune_lettre
train,CarLongPlateGen3843_jpg.rf.08d5c61264451db8cf67e400f8aa1915.jpg,C:\Users\ibnal\Desktop\PROJET IA X3\archive\train\CarLongPlateGen3843_jpg.rf.08d5c61264451db8cf67e400f8aa1915.jpg,data/processed/plates_cropped\train_23_CarLongPlateGen3843_jpg.rf.08d5c61264451db8cf67e400f8aa1915.jpg,216,205,311,261,63034,0.4678,,63034,,0,5,0,5,DOUTEUSE,aucune_lettre
train,Cars232_png_jpg.rf.2515ce9e1016ea8735ba29033df6e45d.jpg,C:\Users\ibnal\Desktop\PROJET IA X3\archive\train\Cars232_png_jpg.rf.2515ce9e1016ea8735ba29033df6e45d.jpg,data/processed/plates_cropped\train_24_Cars232_png_jpg.rf.2515ce9e1016ea8735ba29033df6e45d.jpg,174,173,227,200,13,0.2498,,13,,0,2,0,2,ILLISIBLE,confiance_trop_faible
train,pic_051_jpg.rf.006b67eced2fabac1962065d58be7377.jpg,C:\Users\ibnal\Desktop\PROJET IA X3\archive\train\pic_051_jpg.rf.006b67eced2fabac1962065d58be7377.jpg,data/processed/plates_cropped\train_25_pic_051_jpg.rf.006b67eced2fabac1962065d58be7377.jpg,98,386,232,506,626,0.375,,626,,0,3,0,3,DOUTEUSE,aucune_lettre
train,Cars315_png_jpg.rf.61758bb2065aaaa9bb699b1606d61772.jpg,C:\Users\ibnal\Desktop\PROJET IA X3\archive\train\Cars315_png_jpg.rf.61758bb2065aaaa9bb699b1606d61772.jpg,data/processed/plates_cropped\train_26_Cars315_png_jpg.rf.61758bb2065aaaa9bb699b1606d61772.jpg,11,97,384,180,J98257,0.716,J,98257,,1,5,0,6,CONFORME,format_valide
train,pic_065_jpg.rf.31ac92be6f90a93d32a2e18045a9adbc.jpg,C:\Users\ibnal\Desktop\PROJET IA X3\archive\train\pic_065_jpg.rf.31ac92be6f90a93d32a2e18045a9adbc.jpg,data/processed/plates_cropped\train_27_pic_065_jpg.rf.31ac92be6f90a93d32a2e18045a9adbc.jpg,265,345,533,409,SP66 VXY,0.984,SPVXY,66, ,5,2,1,8,CONFORME,format_valide
train,CarLongPlateGen3800_jpg.rf.533572fa43d164a44d164818d23ddd46.jpg,C:\Users\ibnal\Desktop\PROJET IA X3\archive\train\CarLongPlateGen3800_jpg.rf.533572fa43d164a44d164818d23ddd46.jpg,data/processed/plates_cropped\train_28_CarLongPlateGen3800_jpg.rf.533572fa43d164a44d164818d23ddd46.jpg,94,93,211,146,61E.984466,0.2647,E,61984466,.,1,8,1,10,DOUTEUSE,confiance_moyenne
train,CarLongPlateGen3895_jpg.rf.204516fb959fa0d7db4cc30f6316d119.jpg,C:\Users\ibnal\Desktop\PROJET IA X3\archive\train\CarLongPlateGen3895_jpg.rf.204516fb959fa0d7db4cc30f6316d119.jpg,data/processed/plates_cropped\train_29_CarLongPlateGen3895_jpg.rf.204516fb959fa0d7db4cc30f6316d119.jpg,211,195,315,245,F 984 60,0.4955,F,98460,  ,1,5,2,8,DOUTEUSE,confiance_moyenne
train,CarLongPlateGen3846_jpg.rf.88e28b142dc2e5d041f194185a6a5cfa.jpg,C:\Users\ibnal\Desktop\PROJET IA X3\archive\train\CarLongPlateGen3846_jpg.rf.88e28b142dc2e5d041f194185a6a5cfa.jpg,data/processed/plates_cropped\train_30_CarLongPlateGen3846_jpg.rf.88e28b142dc2e5d041f194185a6a5cfa.jpg,125,205,231,245,61A.22915G,0.4695,AG,6122915,.,2,7,1,10,DOUTEUSE,confiance_moyenne
train,Cars119_png_jpg.rf.638b3e07f32ad54564c634eb1e1cc53d.jpg,C:\Users\ibnal\Desktop\PROJET IA X3\archive\train\Cars119_png_jpg.rf.638b3e07f32ad54564c634eb1e1cc53d.jpg,data/processed/plates_cropped\train_31_Cars119_png_jpg.rf.638b3e07f32ad54564c634eb1e1cc53d.jpg,186,139,216,152,,0.0,,,,0,0,0,0,ILLISIBLE,texte_vide
train,Cars122_png_jpg.rf.5578e2a014faef769739d6d814d60656.jpg,C:\Users\ibnal\Desktop\PROJET IA X3\archive\train\Cars122_png_jpg.rf.5578e2a014faef769739d6d814d60656.jpg,data/processed/plates_cropped\train_32_Cars122_png_jpg.rf.5578e2a014faef769739d6d814d60656.jpg,194,146,253,168,MANISA,0.7441,MANISA,,,6,0,0,6,DOUTEUSE,aucun_chiffre
train,CarLongPlateGen3787_jpg.rf.ab704338300805ce5aff57292d98f99c.jpg,C:\Users\ibnal\Desktop\PROJET IA X3\archive\train\CarLongPlateGen3787_jpg.rf.ab704338300805ce5aff57292d98f99c.jpg,data/processed/plates_cropped\train_33_CarLongPlateGen3787_jpg.rf.ab704338300805ce5aff57292d98f99c.jpg,260,218,343,243,E1FF-692.59,0.6193,EFF,169259,-.,3,6,2,11,CONFORME,format_valide
train,CarLongPlateGen3859_jpg.rf.1979f331e60e067d59c93d68eed1123e.jpg,C:\Users\ibnal\Desktop\PROJET IA X3\archive\train\CarLongPlateGen3859_jpg.rf.1979f331e60e067d59c93d68eed1123e.jpg,data/processed/plates_cropped\train_34_CarLongPlateGen3859_jpg.rf.1979f331e60e067d59c93d68eed1123e.jpg,228,121,318,183,74614,0.3094,,74614,,0,5,0,5,DOUTEUSE,aucune_lettre
train,Cars124_png_jpg.rf.4c0cec7d03c0f8d7230a99228effaf75.jpg,C:\Users\ibnal\Desktop\PROJET IA X3\archive\train\Cars124_png_jpg.rf.4c0cec7d03c0f8d7230a99228effaf75.jpg,data/processed/plates_cropped\train_35_Cars124_png_jpg.rf.4c0cec7d03c0f8d7230a99228effaf75.jpg,304,255,319,266,04,0.0583,,04,,0,2,0,2,ILLISIBLE,confiance_trop_faible
train,cropquandoi90_jpg.rf.41c02cf78a6249fdee1715d94a71e22e.jpg,C:\Users\ibnal\Desktop\PROJET IA X3\archive\train\cropquandoi90_jpg.rf.41c02cf78a6249fdee1715d94a71e22e.jpg,data/processed/plates_cropped\train_36_cropquandoi90_jpg.rf.41c02cf78a6249fdee1715d94a71e22e.jpg,348,298,391,315,,0.0,,,,0,0,0,0,ILLISIBLE,texte_vide
train,pic_066_jpg.rf.21f34bde7d675bca2a535ff5dcbe0390.jpg,C:\Users\ibnal\Desktop\PROJET IA X3\archive\train\pic_066_jpg.rf.21f34bde7d675bca2a535ff5dcbe0390.jpg,data/processed/plates_cropped\train_37_pic_066_jpg.rf.21f34bde7d675bca2a535ff5dcbe0390.jpg,889,473,1084,563,WF56,0.3749,WF,56,,2,2,0,4,DOUTEUSE,confiance_moyenne
train,CarLongPlateGen3803_jpg.rf.33afdf0f73e0e4268de16fcc7e9170f7.jpg,C:\Users\ibnal\Desktop\PROJET IA X3\archive\train\CarLongPlateGen3803_jpg.rf.33afdf0f73e0e4268de16fcc7e9170f7.jpg,data/processed/plates_cropped\train_38_CarLongPlateGen3803_jpg.rf.33afdf0f73e0e4268de16fcc7e9170f7.jpg,207,256,288,301,12,0.194,,12,,0,2,0,2,ILLISIBLE,confiance_trop_faible
train,CarLongPlateGen2213_jpg.rf.66b6d16617bdd13366cb2e63eec4ae40.jpg,C:\Users\ibnal\Desktop\PROJET IA X3\archive\train\CarLongPlateGen2213_jpg.rf.66b6d16617bdd13366cb2e63eec4ae40.jpg,data/processed/plates_cropped\train_39_CarLongPlateGen2213_jpg.rf.66b6d16617bdd13366cb2e63eec4ae40.jpg,275,222,365,248,61642971,0.825,,61642971,,0,8,0,8,DOUTEUSE,aucune_lettre
train,CarLongPlateGen3847_jpg.rf.83367c4b712d20bbdf7d9072dd4006b2.jpg,C:\Users\ibnal\Desktop\PROJET IA X3\archive\train\CarLongPlateGen3847_jpg.rf.83367c4b712d20bbdf7d9072dd4006b2.jpg,data/processed/plates_cropped\train_40_CarLongPlateGen3847_jpg.rf.83367c4b712d20bbdf7d9072dd4006b2.jpg,197,161,297,199,6IA.2295G,0.2354,IAG,62295,.,3,5,1,9,ILLISIBLE,confiance_trop_faible
train,CarLongPlateGen125_jpg.rf.92eefd0b7aaf0f47a9d3f1beb68575c7.jpg,C:\Users\ibnal\Desktop\PROJET IA X3\archive\train\CarLongPlateGen125_jpg.rf.92eefd0b7aaf0f47a9d3f1beb68575c7.jpg,data/processed/plates_cropped\train_41_CarLongPlateGen125_jpg.rf.92eefd0b7aaf0f47a9d3f1beb68575c7.jpg,259,211,312,223,SUDL,0.0664,SUDL,,,4,0,0,4,ILLISIBLE,confiance_trop_faible
train,Cars112_png_jpg.rf.60b484b14417133f099dde7324fd7b8c.jpg,C:\Users\ibnal\Desktop\PROJET IA X3\archive\train\Cars112_png_jpg.rf.60b484b14417133f099dde7324fd7b8c.jpg,data/processed/plates_cropped\train_42_Cars112_png_jpg.rf.60b484b14417133f099dde7324fd7b8c.jpg,48,134,163,190,SHAKNBK,0.593,SHAKNBK,,,7,0,0,7,DOUTEUSE,aucun_chiffre
train,CarLongPlateGen3004_jpg.rf.050465c139d5dbd6c3faf477bf44a252.jpg,C:\Users\ibnal\Desktop\PROJET IA X3\archive\train\CarLongPlateGen3004_jpg.rf.050465c139d5dbd6c3faf477bf44a252.jpg,data/processed/plates_cropped\train_43_CarLongPlateGen3004_jpg.rf.050465c139d5dbd6c3faf477bf44a252.jpg,136,53,248,96,6C31691,0.5714,C,631691,,1,6,0,7,CONFORME,format_valide
train,cropquandoi85_jpg.rf.8fd9515c6bdda8e3b9e5b70e1d299b3d.jpg,C:\Users\ibnal\Desktop\PROJET IA X3\archive\train\cropquandoi85_jpg.rf.8fd9515c6bdda8e3b9e5b70e1d299b3d.jpg,data/processed/plates_cropped\train_44_cropquandoi85_jpg.rf.8fd9515c6bdda8e3b9e5b70e1d299b3d.jpg,168,356,197,382,,0.0,,,,0,0,0,0,ILLISIBLE,texte_vide
train,CarLongPlateGen1460_jpg.rf.661733c6b8e0497c07a4fbd879f26076.jpg,C:\Users\ibnal\Desktop\PROJET IA X3\archive\train\CarLongPlateGen1460_jpg.rf.661733c6b8e0497c07a4fbd879f26076.jpg,data/processed/plates_cropped\train_45_CarLongPlateGen1460_jpg.rf.661733c6b8e0497c07a4fbd879f26076.jpg,130,61,225,87,610-21748,0.5204,,61021748,-,0,8,1,9,DOUTEUSE,aucune_lettre
train,CarLongPlateGen3006_jpg.rf.69762b6b5e0740ce794eb54b71e9da46.jpg,C:\Users\ibnal\Desktop\PROJET IA X3\archive\train\CarLongPlateGen3006_jpg.rf.69762b6b5e0740ce794eb54b71e9da46.jpg,data/processed/plates_cropped\train_46_CarLongPlateGen3006_jpg.rf.69762b6b5e0740ce794eb54b71e9da46.jpg,161,109,280,173,661G31697,0.5955,G,66131697,,1,8,0,9,CONFORME,format_valide
train,xemay439_jpg.rf.127091d474a898c7fe2289ff1fa1ba71.jpg,C:\Users\ibnal\Desktop\PROJET IA X3\archive\train\xemay439_jpg.rf.127091d474a898c7fe2289ff1fa1ba71.jpg,data/processed/plates_cropped\train_47_xemay439_jpg.rf.127091d474a898c7fe2289ff1fa1ba71.jpg,142,86,226,163,125.50,0.4318,,12550,.,0,5,1,6,DOUTEUSE,aucune_lettre
train,xemay430_jpg.rf.3fa4c8d708de00353043f48b5ec2d382.jpg,C:\Users\ibnal\Desktop\PROJET IA X3\archive\train\xemay430_jpg.rf.3fa4c8d708de00353043f48b5ec2d382.jpg,data/processed/plates_cropped\train_48_xemay430_jpg.rf.3fa4c8d708de00353043f48b5ec2d382.jpg,225,157,303,224,123567,0.6864,,123567,,0,6,0,6,DOUTEUSE,aucune_lettre
train,xemay423_jpg.rf.d727f1f4c2d4e63d9e178f37494dc561.jpg,C:\Users\ibnal\Desktop\PROJET IA X3\archive\train\xemay423_jpg.rf.d727f1f4c2d4e63d9e178f37494dc561.jpg,data/processed/plates_cropped\train_49_xemay423_jpg.rf.d727f1f4c2d4e63d9e178f37494dc561.jpg,187,99,256,161,171.57,0.5829,,17157,.,0,5,1,6,DOUTEUSE,aucune_lettre
test,CarLongPlateGen1398_jpg.rf.621f63c834b8d9f792034ec4b7cc3bf2.jpg,C:\Users\ibnal\Desktop\PROJET IA X3\archive\test\CarLongPlateGen1398_jpg.rf.621f63c834b8d9f792034ec4b7cc3bf2.jpg,data/processed/plates_cropped\test_0_CarLongPlateGen1398_jpg.rf.621f63c834b8d9f792034ec4b7cc3bf2.jpg,242,206,336,233,61486325,0.3924,,61486325,,0,8,0,8,DOUTEUSE,aucune_lettre
test,CarLongPlateGen1478_jpg.rf.0f059c716a8985f7a9580c69c1f4fdc3.jpg,C:\Users\ibnal\Desktop\PROJET IA X3\archive\test\CarLongPlateGen1478_jpg.rf.0f059c716a8985f7a9580c69c1f4fdc3.jpg,data/processed/plates_cropped\test_1_CarLongPlateGen1478_jpg.rf.0f059c716a8985f7a9580c69c1f4fdc3.jpg,141,181,241,256,59-U1,0.6072,U,591,-,1,3,1,5,CONFORME,format_valide
test,xemay1982_jpg.rf.aad83d30440aed61a12980bd01254ee2.jpg,C:\Users\ibnal\Desktop\PROJET IA X3\archive\test\xemay1982_jpg.rf.aad83d30440aed61a12980bd01254ee2.jpg,data/processed/plates_cropped\test_2_xemay1982_jpg.rf.aad83d30440aed61a12980bd01254ee2.jpg,222,121,270,154,201 4,0.3991,,2014, ,0,4,1,5,DOUTEUSE,aucune_lettre
test,CarLongPlateGen3014_jpg.rf.c1cc580ec977dd8aa3d846b5a7db8e34.jpg,C:\Users\ibnal\Desktop\PROJET IA X3\archive\test\CarLongPlateGen3014_jpg.rf.c1cc580ec977dd8aa3d846b5a7db8e34.jpg,data/processed/plates_cropped\test_3_CarLongPlateGen3014_jpg.rf.c1cc580ec977dd8aa3d846b5a7db8e34.jpg,205,74,306,134,604.359.84,0.347,,60435984,..,0,8,2,10,DOUTEUSE,aucune_lettre
test,CarLongPlateGen2150_jpg.rf.303fb8383ec08211eb86588af003bc73.jpg,C:\Users\ibnal\Desktop\PROJET IA X3\archive\test\CarLongPlateGen2150_jpg.rf.303fb8383ec08211eb86588af003bc73.jpg,data/processed/plates_cropped\test_4_CarLongPlateGen2150_jpg.rf.303fb8383ec08211eb86588af003bc73.jpg,123,243,257,284,610.37675,0.8007,,61037675,.,0,8,1,9,DOUTEUSE,aucune_lettre
test,xemay1001_jpg.rf.5022b0782e96e189617eb77299dfe6d6.jpg,C:\Users\ibnal\Desktop\PROJET IA X3\archive\test\xemay1001_jpg.rf.5022b0782e96e189617eb77299dfe6d6.jpg,data/processed/plates_cropped\test_5_xemay1001_jpg.rf.5022b0782e96e189617eb77299dfe6d6.jpg,167,84,253,158,62 H5,0.531,H,625, ,1,3,1,5,CONFORME,format_valide
test,CarLongPlateGen1540_jpg.rf.1528969eb5beb9362942fd0306c94ffd.jpg,C:\Users\ibnal\Desktop\PROJET IA X3\archive\test\CarLongPlateGen1540_jpg.rf.1528969eb5beb9362942fd0306c94ffd.jpg,data/processed/plates_cropped\test_6_CarLongPlateGen1540_jpg.rf.1528969eb5beb9362942fd0306c94ffd.jpg,261,211,364,248,61207278,0.2249,,61207278,,0,8,0,8,ILLISIBLE,confiance_trop_faible
test,xemay1860_jpg.rf.05689a862e80bd24cf63b0ebdf752114.jpg,C:\Users\ibnal\Desktop\PROJET IA X3\archive\test\xemay1860_jpg.rf.05689a862e80bd24cf63b0ebdf752114.jpg,data/processed/plates_cropped\test_7_xemay1860_jpg.rf.05689a862e80bd24cf63b0ebdf752114.jpg,213,144,256,176,49499,0.509,,49499,,0,5,0,5,DOUTEUSE,aucune_lettre
test,589222_jpg.rf.fce45ff8d9d6e21e30e5d18acea52b3a.jpg,C:\Users\ibnal\Desktop\PROJET IA X3\archive\test\589222_jpg.rf.fce45ff8d9d6e21e30e5d18acea52b3a.jpg,data/processed/plates_cropped\test_8_589222_jpg.rf.fce45ff8d9d6e21e30e5d18acea52b3a.jpg,125,245,163,271,589222 _,0.9775,,589222, _,0,6,2,8,DOUTEUSE,aucune_lettre
test,CarLongPlateGen1430_jpg.rf.c96f608366975d00004e6442f4ae8d94.jpg,C:\Users\ibnal\Desktop\PROJET IA X3\archive\test\CarLongPlateGen1430_jpg.rf.c96f608366975d00004e6442f4ae8d94.jpg,data/processed/plates_cropped\test_9_CarLongPlateGen1430_jpg.rf.c96f608366975d00004e6442f4ae8d94.jpg,157,122,265,156,6FF.88270,0.5154,FF,688270,.,2,6,1,9,CONFORME,format_valide
test,Cars194_png_jpg.rf.16732a270d29b9d75f004966f6f07431.jpg,C:\Users\ibnal\Desktop\PROJET IA X3\archive\test\Cars194_png_jpg.rf.16732a270d29b9d75f004966f6f07431.jpg,data/processed/plates_cropped\test_10_Cars194_png_jpg.rf.16732a270d29b9d75f004966f6f07431.jpg,266,169,315,182,TNCOU,0.1029,TNCOU,,,5,0,0,5,ILLISIBLE,confiance_trop_faible
test,Cars125_png_jpg.rf.f9f339c67e04309c1214267a171ea546.jpg,C:\Users\ibnal\Desktop\PROJET IA X3\archive\test\Cars125_png_jpg.rf.f9f339c67e04309c1214267a171ea546.jpg,data/processed/plates_cropped\test_11_Cars125_png_jpg.rf.f9f339c67e04309c1214267a171ea546.jpg,279,195,354,256,66887,0.5002,,66887,,0,5,0,5,DOUTEUSE,aucune_lettre
test,Cars196_png_jpg.rf.d5c3cea3920ed9d895bcb5f2fd240a42.jpg,C:\Users\ibnal\Desktop\PROJET IA X3\archive\test\Cars196_png_jpg.rf.d5c3cea3920ed9d895bcb5f2fd240a42.jpg,data/processed/plates_cropped\test_12_Cars196_png_jpg.rf.d5c3cea3920ed9d895bcb5f2fd240a42.jpg,104,127,129,139,4I,0.0415,I,4,,1,1,0,2,ILLISIBLE,confiance_trop_faible
test,CarLongPlateGen3760_jpg.rf.48e8c8736b95a8418258e3204cb02d12.jpg,C:\Users\ibnal\Desktop\PROJET IA X3\archive\test\CarLongPlateGen3760_jpg.rf.48e8c8736b95a8418258e3204cb02d12.jpg,data/processed/plates_cropped\test_13_CarLongPlateGen3760_jpg.rf.48e8c8736b95a8418258e3204cb02d12.jpg,266,205,351,237,LL6 L,0.1741,LLL,6, ,3,1,1,5,ILLISIBLE,confiance_trop_faible
test,xemay444_jpg.rf.6c044973ea7f397fee587da6a0522a79.jpg,C:\Users\ibnal\Desktop\PROJET IA X3\archive\test\xemay444_jpg.rf.6c044973ea7f397fee587da6a0522a79.jpg,data/processed/plates_cropped\test_14_xemay444_jpg.rf.6c044973ea7f397fee587da6a0522a79.jpg,188,181,278,252,9074,0.4853,,9074,,0,4,0,4,DOUTEUSE,aucune_lettre
test,Cars128_png_jpg.rf.548bf2b243ca6ec29020d1278ee7afb3.jpg,C:\Users\ibnal\Desktop\PROJET IA X3\archive\test\Cars128_png_jpg.rf.548bf2b243ca6ec29020d1278ee7afb3.jpg,data/processed/plates_cropped\test_15_Cars128_png_jpg.rf.548bf2b243ca6ec29020d1278ee7afb3.jpg,111,64,305,172,AND,0.3388,AND,,,3,0,0,3,DOUTEUSE,aucun_chiffre
test,CarLongPlateGen2985_jpg.rf.dd53f6b6681d5e8794cfa02af4aa836b.jpg,C:\Users\ibnal\Desktop\PROJET IA X3\archive\test\CarLongPlateGen2985_jpg.rf.dd53f6b6681d5e8794cfa02af4aa836b.jpg,data/processed/plates_cropped\test_16_CarLongPlateGen2985_jpg.rf.dd53f6b6681d5e8794cfa02af4aa836b.jpg,176,98,282,173,61F.630.34,0.5281,F,6163034,..,1,7,2,10,CONFORME,format_valide
test,CarLongPlateGen3823_jpg.rf.873a3b50440437ac27996953800c837c.jpg,C:\Users\ibnal\Desktop\PROJET IA X3\archive\test\CarLongPlateGen3823_jpg.rf.873a3b50440437ac27996953800c837c.jpg,data/processed/plates_cropped\test_17_CarLongPlateGen3823_jpg.rf.873a3b50440437ac27996953800c837c.jpg,145,204,219,252,614-052.27,0.7432,,61405227,-.,0,8,2,10,DOUTEUSE,aucune_lettre
test,xemay503_jpg.rf.a6bffd8998b9d21d9d869ccea38c4d48.jpg,C:\Users\ibnal\Desktop\PROJET IA X3\archive\test\xemay503_jpg.rf.a6bffd8998b9d21d9d869ccea38c4d48.jpg,data/processed/plates_cropped\test_18_xemay503_jpg.rf.a6bffd8998b9d21d9d869ccea38c4d48.jpg,190,143,275,218,008.84,0.5796,,00884,.,0,5,1,6,DOUTEUSE,aucune_lettre
test,CarLongPlateGen1479_jpg.rf.155ff62b70bcfdcad2c3903f01bd9ffc.jpg,C:\Users\ibnal\Desktop\PROJET IA X3\archive\test\CarLongPlateGen1479_jpg.rf.155ff62b70bcfdcad2c3903f01bd9ffc.jpg,data/processed/plates_cropped\test_19_CarLongPlateGen1479_jpg.rf.155ff62b70bcfdcad2c3903f01bd9ffc.jpg,230,182,322,211,4598.81,0.2947,,459881,.,0,6,1,7,DOUTEUSE,aucune_lettre
test,xemay2010_jpg.rf.18b41e17f9ed2af5172a205aa648801d.jpg,C:\Users\ibnal\Desktop\PROJET IA X3\archive\test\xemay2010_jpg.rf.18b41e17f9ed2af5172a205aa648801d.jpg,data/processed/plates_cropped\test_20_xemay2010_jpg.rf.18b41e17f9ed2af5172a205aa648801d.jpg,230,95,266,121,5370,0.4075,,5370,,0,4,0,4,DOUTEUSE,aucune_lettre
test,xemay1853_jpg.rf.f65e3210da28ede6b19d2d15d66142b1.jpg,C:\Users\ibnal\Desktop\PROJET IA X3\archive\test\xemay1853_jpg.rf.f65e3210da28ede6b19d2d15d66142b1.jpg,data/processed/plates_cropped\test_21_xemay1853_jpg.rf.f65e3210da28ede6b19d2d15d66142b1.jpg,184,118,252,163,54-S5,0.5935,S,545,-,1,3,1,5,CONFORME,format_valide
test,CarLongPlateGen1438_jpg.rf.babc91e5214590ed974f8a7d7fe0891e.jpg,C:\Users\ibnal\Desktop\PROJET IA X3\archive\test\CarLongPlateGen1438_jpg.rf.babc91e5214590ed974f8a7d7fe0891e.jpg,data/processed/plates_cropped\test_22_CarLongPlateGen1438_jpg.rf.babc91e5214590ed974f8a7d7fe0891e.jpg,203,139,314,182,61051332,0.7398,,61051332,,0,8,0,8,DOUTEUSE,aucune_lettre
test,xemay1087_jpg.rf.ecda06c207aa205f95296920c160a57e.jpg,C:\Users\ibnal\Desktop\PROJET IA X3\archive\test\xemay1087_jpg.rf.ecda06c207aa205f95296920c160a57e.jpg,data/processed/plates_cropped\test_23_xemay1087_jpg.rf.ecda06c207aa205f95296920c160a57e.jpg,187,112,276,188,75F1,0.4284,F,751,,1,3,0,4,DOUTEUSE,confiance_moyenne
test,CarLongPlateGen1387_jpg.rf.920673d3abb22543b9cf373c2e86e2bc.jpg,C:\Users\ibnal\Desktop\PROJET IA X3\archive\test\CarLongPlateGen1387_jpg.rf.920673d3abb22543b9cf373c2e86e2bc.jpg,data/processed/plates_cropped\test_24_CarLongPlateGen1387_jpg.rf.920673d3abb22543b9cf373c2e86e2bc.jpg,197,226,296,253,165.98,0.7182,,16598,.,0,5,1,6,DOUTEUSE,aucune_lettre
test,pic_040_jpg.rf.9823c57b23ec49265408e0de643f7503.jpg,C:\Users\ibnal\Desktop\PROJET IA X3\archive\test\pic_040_jpg.rf.9823c57b23ec49265408e0de643f7503.jpg,data/processed/plates_cropped\test_25_pic_040_jpg.rf.9823c57b23ec49265408e0de643f7503.jpg,224,428,565,576,LFC,0.3159,LFC,,,3,0,0,3,DOUTEUSE,aucun_chiffre
test,xemay1868_jpg.rf.6f6a215202fe885b454086182c1e2a5a.jpg,C:\Users\ibnal\Desktop\PROJET IA X3\archive\test\xemay1868_jpg.rf.6f6a215202fe885b454086182c1e2a5a.jpg,data/processed/plates_cropped\test_26_xemay1868_jpg.rf.6f6a215202fe885b454086182c1e2a5a.jpg,195,186,235,214,6168,0.4773,,6168,,0,4,0,4,DOUTEUSE,aucune_lettre
test,CarLongPlateGen3104_jpg.rf.fda6720607f9d730b4eaad90681ce887.jpg,C:\Users\ibnal\Desktop\PROJET IA X3\archive\test\CarLongPlateGen3104_jpg.rf.fda6720607f9d730b4eaad90681ce887.jpg,data/processed/plates_cropped\test_27_CarLongPlateGen3104_jpg.rf.fda6720607f9d730b4eaad90681ce887.jpg,208,137,303,194,31118,0.4885,,31118,,0,5,0,5,DOUTEUSE,aucune_lettre
test,CarLongPlateGen3827_jpg.rf.e5f0d57803fede4f21bf72caa09bf71f.jpg,C:\Users\ibnal\Desktop\PROJET IA X3\archive\test\CarLongPlateGen3827_jpg.rf.e5f0d57803fede4f21bf72caa09bf71f.jpg,data/processed/plates_cropped\test_28_CarLongPlateGen3827_jpg.rf.e5f0d57803fede4f21bf72caa09bf71f.jpg,147,135,238,187,64 0522,0.4833,,640522, ,0,6,1,7,DOUTEUSE,aucune_lettre
test,CarLongPlateGen2310_jpg.rf.e2e02c43d0fd1aa9eea2f7b85015acdc.jpg,C:\Users\ibnal\Desktop\PROJET IA X3\archive\test\CarLongPlateGen2310_jpg.rf.e2e02c43d0fd1aa9eea2f7b85015acdc.jpg,data/processed/plates_cropped\test_29_CarLongPlateGen2310_jpg.rf.e2e02c43d0fd1aa9eea2f7b85015acdc.jpg,273,162,379,192,614.897 14,0.3164,,61489714,. ,0,8,2,10,DOUTEUSE,aucune_lettre
test,pic_030_jpg.rf.00b19db8e9be00184b8a01f0b6bb6fe4.jpg,C:\Users\ibnal\Desktop\PROJET IA X3\archive\test\pic_030_jpg.rf.00b19db8e9be00184b8a01f0b6bb6fe4.jpg,data/processed/plates_cropped\test_30_pic_030_jpg.rf.00b19db8e9be00184b8a01f0b6bb6fe4.jpg,403,178,510,217,CA 530,0.6753,CA,530, ,2,3,1,6,CONFORME,format_valide
test,CarLongPlateGen1447_jpg.rf.d9220a44851fd07098771eec8d7785ff.jpg,C:\Users\ibnal\Desktop\PROJET IA X3\archive\test\CarLongPlateGen1447_jpg.rf.d9220a44851fd07098771eec8d7785ff.jpg,data/processed/plates_cropped\test_31_CarLongPlateGen1447_jpg.rf.d9220a44851fd07098771eec8d7785ff.jpg,155,48,252,76,86A-068L4,0.5893,AL,860684,-,2,6,1,9,CONFORME,format_valide
test,CarLongPlateGen2162_jpg.rf.dc0f368a3e742fd0e4374d2d74965e22.jpg,C:\Users\ibnal\Desktop\PROJET IA X3\archive\test\CarLongPlateGen2162_jpg.rf.dc0f368a3e742fd0e4374d2d74965e22.jpg,data/processed/plates_cropped\test_32_CarLongPlateGen2162_jpg.rf.dc0f368a3e742fd0e4374d2d74965e22.jpg,302,115,424,159,4155.85,0.6854,,415585,.,0,6,1,7,DOUTEUSE,aucune_lettre
test,CarLongPlate537_jpg.rf.22e3dbafe809516cabb991ed357b8f58.jpg,C:\Users\ibnal\Desktop\PROJET IA X3\archive\test\CarLongPlate537_jpg.rf.22e3dbafe809516cabb991ed357b8f58.jpg,data/processed/plates_cropped\test_33_CarLongPlate537_jpg.rf.22e3dbafe809516cabb991ed357b8f58.jpg,207,216,310,243,61F.07973,0.3281,F,6107973,.,1,7,1,9,DOUTEUSE,confiance_moyenne
test,xemay1040_jpg.rf.ad77238fd1b902b4ab9189f4958c4f4a.jpg,C:\Users\ibnal\Desktop\PROJET IA X3\archive\test\xemay1040_jpg.rf.ad77238fd1b902b4ab9189f4958c4f4a.jpg,data/processed/plates_cropped\test_34_xemay1040_jpg.rf.ad77238fd1b902b4ab9189f4958c4f4a.jpg,180,107,285,187,5919,0.4128,,5919,,0,4,0,4,DOUTEUSE,aucune_lettre
test,CarLongPlateGen3012_jpg.rf.b5b16bd3219b1eeb18d47cdc31664053.jpg,C:\Users\ibnal\Desktop\PROJET IA X3\archive\test\CarLongPlateGen3012_jpg.rf.b5b16bd3219b1eeb18d47cdc31664053.jpg,data/processed/plates_cropped\test_35_CarLongPlateGen3012_jpg.rf.b5b16bd3219b1eeb18d47cdc31664053.jpg,189,93,303,165,6F.222.61,0.4105,F,622261,..,1,6,2,9,DOUTEUSE,confiance_moyenne
test,xemay2016_jpg.rf.c5067f08891df86dd0f7ea39f7401a19.jpg,C:\Users\ibnal\Desktop\PROJET IA X3\archive\test\xemay2016_jpg.rf.c5067f08891df86dd0f7ea39f7401a19.jpg,data/processed/plates_cropped\test_36_xemay2016_jpg.rf.c5067f08891df86dd0f7ea39f7401a19.jpg,225,148,264,177,4L69,0.2648,L,469,,1,3,0,4,DOUTEUSE,confiance_moyenne
test,xemay356_jpg.rf.e645c92926daf2d2dd1df946966d2819.jpg,C:\Users\ibnal\Desktop\PROJET IA X3\archive\test\xemay356_jpg.rf.e645c92926daf2d2dd1df946966d2819.jpg,data/processed/plates_cropped\test_37_xemay356_jpg.rf.e645c92926daf2d2dd1df946966d2819.jpg,177,100,245,158,364.52,0.6405,,36452,.,0,5,1,6,DOUTEUSE,aucune_lettre
test,CarLongPlateGen3780_jpg.rf.e397b23a8b459a228973e302d75a82f3.jpg,C:\Users\ibnal\Desktop\PROJET IA X3\archive\test\CarLongPlateGen3780_jpg.rf.e397b23a8b459a228973e302d75a82f3.jpg,data/processed/plates_cropped\test_38_CarLongPlateGen3780_jpg.rf.e397b23a8b459a228973e302d75a82f3.jpg,229,257,329,281,616205.36,0.7855,,61620536,.,0,8,1,9,DOUTEUSE,aucune_lettre
test,CarLongPlateGen1487_jpg.rf.f3a46a8d94e1b27d219996b909d6f699.jpg,C:\Users\ibnal\Desktop\PROJET IA X3\archive\test\CarLongPlateGen1487_jpg.rf.f3a46a8d94e1b27d219996b909d6f699.jpg,data/processed/plates_cropped\test_39_CarLongPlateGen1487_jpg.rf.f3a46a8d94e1b27d219996b909d6f699.jpg,221,167,316,200,61F06948,0.7504,F,6106948,,1,7,0,8,CONFORME,format_valide
test,Cars351_png_jpg.rf.c29ca17265301c84a77dbde149db6c8d.jpg,C:\Users\ibnal\Desktop\PROJET IA X3\archive\test\Cars351_png_jpg.rf.c29ca17265301c84a77dbde149db6c8d.jpg,data/processed/plates_cropped\test_40_Cars351_png_jpg.rf.c29ca17265301c84a77dbde149db6c8d.jpg,248,47,367,128,TEXAS,0.3001,TEXAS,,,5,0,0,5,DOUTEUSE,aucun_chiffre
test,pic_076_jpg.rf.1e3cd6f8ec1eb3ab1ca29de64b662a86.jpg,C:\Users\ibnal\Desktop\PROJET IA X3\archive\test\pic_076_jpg.rf.1e3cd6f8ec1eb3ab1ca29de64b662a86.jpg,data/processed/plates_cropped\test_41_pic_076_jpg.rf.1e3cd6f8ec1eb3ab1ca29de64b662a86.jpg,136,81,364,177,EKX6336K,0.3344,EKXK,6336,,4,4,0,8,DOUTEUSE,confiance_moyenne
test,Cars211_png_jpg.rf.541f651f152e9eb820c3c09052c3edee.jpg,C:\Users\ibnal\Desktop\PROJET IA X3\archive\test\Cars211_png_jpg.rf.541f651f152e9eb820c3c09052c3edee.jpg,data/processed/plates_cropped\test_42_Cars211_png_jpg.rf.541f651f152e9eb820c3c09052c3edee.jpg,27,63,386,234,F 65022,0.8724,F,65022, ,1,5,1,7,CONFORME,format_valide
test,Cars192_png_jpg.rf.82f728f5f03ed5fe425c8af54fb35c05.jpg,C:\Users\ibnal\Desktop\PROJET IA X3\archive\test\Cars192_png_jpg.rf.82f728f5f03ed5fe425c8af54fb35c05.jpg,data/processed/plates_cropped\test_43_Cars192_png_jpg.rf.82f728f5f03ed5fe425c8af54fb35c05.jpg,107,149,210,172,E4 GLE,0.6826,EGLE,4, ,4,1,1,6,CONFORME,format_valide
test,CarLongPlateGen3768_jpg.rf.8049666cc57d7a53d55cb9db593dfa9c.jpg,C:\Users\ibnal\Desktop\PROJET IA X3\archive\test\CarLongPlateGen3768_jpg.rf.8049666cc57d7a53d55cb9db593dfa9c.jpg,data/processed/plates_cropped\test_44_CarLongPlateGen3768_jpg.rf.8049666cc57d7a53d55cb9db593dfa9c.jpg,146,82,275,129,61F165.85,0.7013,F,6116585,.,1,7,1,9,CONFORME,format_valide
test,Cars227_png_jpg.rf.361738fa68990600986ffa46b68ff6fd.jpg,C:\Users\ibnal\Desktop\PROJET IA X3\archive\test\Cars227_png_jpg.rf.361738fa68990600986ffa46b68ff6fd.jpg,data/processed/plates_cropped\test_45_Cars227_png_jpg.rf.361738fa68990600986ffa46b68ff6fd.jpg,117,198,152,210,Q K,0.0457,QK,, ,2,0,1,3,ILLISIBLE,confiance_trop_faible
test,CarLongPlateGen30_jpg.rf.7e94f8cc23ba07f9a36e77d7b4f93787.jpg,C:\Users\ibnal\Desktop\PROJET IA X3\archive\test\CarLongPlateGen30_jpg.rf.7e94f8cc23ba07f9a36e77d7b4f93787.jpg,data/processed/plates_cropped\test_46_CarLongPlateGen30_jpg.rf.7e94f8cc23ba07f9a36e77d7b4f93787.jpg,223,220,264,228,,0.0,,,,0,0,0,0,ILLISIBLE,texte_vide
test,CarLongPlateGen1561_jpg.rf.617a5657d1c76023c3d88a01c7fa5f34.jpg,C:\Users\ibnal\Desktop\PROJET IA X3\archive\test\CarLongPlateGen1561_jpg.rf.617a5657d1c76023c3d88a01c7fa5f34.jpg,data/processed/plates_cropped\test_47_CarLongPlateGen1561_jpg.rf.617a5657d1c76023c3d88a01c7fa5f34.jpg,240,222,338,251,6I625481,0.5056,I,6625481,,1,7,0,8,CONFORME,format_valide
test,rotatequandoi0_jpg.rf.132d8b1db7142986f2c94d396fd32ae6.jpg,C:\Users\ibnal\Desktop\PROJET IA X3\archive\test\rotatequandoi0_jpg.rf.132d8b1db7142986f2c94d396fd32ae6.jpg,data/processed/plates_cropped\test_48_rotatequandoi0_jpg.rf.132d8b1db7142986f2c94d396fd32ae6.jpg,216,169,263,213,15,0.1825,,15,,0,2,0,2,ILLISIBLE,confiance_trop_faible
test,rotatequandoi0_jpg.rf.132d8b1db7142986f2c94d396fd32ae6.jpg,C:\Users\ibnal\Desktop\PROJET IA X3\archive\test\rotatequandoi0_jpg.rf.132d8b1db7142986f2c94d396fd32ae6.jpg,data/processed/plates_cropped\test_49_rotatequandoi0_jpg.rf.132d8b1db7142986f2c94d396fd32ae6.jpg,143,72,152,80,,0.0,,,,0,0,0,0,ILLISIBLE,texte_vide
valid,xemay2193_jpg.rf.0fdf4b298cae1f2fa7e59ed38c68ed2d.jpg,C:\Users\ibnal\Desktop\PROJET IA X3\archive\valid\xemay2193_jpg.rf.0fdf4b298cae1f2fa7e59ed38c68ed2d.jpg,data/processed/plates_cropped\valid_0_xemay2193_jpg.rf.0fdf4b298cae1f2fa7e59ed38c68ed2d.jpg,181,139,216,170,44716,0.3175,,44716,,0,5,0,5,DOUTEUSE,aucune_lettre
valid,CarLongPlateGen2325_jpg.rf.2d68a6b85dcd0a3dc9787925933e5d30.jpg,C:\Users\ibnal\Desktop\PROJET IA X3\archive\valid\CarLongPlateGen2325_jpg.rf.2d68a6b85dcd0a3dc9787925933e5d30.jpg,data/processed/plates_cropped\valid_1_CarLongPlateGen2325_jpg.rf.2d68a6b85dcd0a3dc9787925933e5d30.jpg,172,156,287,193,610 51332,0.7158,,61051332, ,0,8,1,9,DOUTEUSE,aucune_lettre
valid,xemay744_jpg.rf.a653a5d23e7d41466a0575ce79d70366.jpg,C:\Users\ibnal\Desktop\PROJET IA X3\archive\valid\xemay744_jpg.rf.a653a5d23e7d41466a0575ce79d70366.jpg,data/processed/plates_cropped\valid_2_xemay744_jpg.rf.a653a5d23e7d41466a0575ce79d70366.jpg,191,43,268,113,285.88,0.5432,,28588,.,0,5,1,6,DOUTEUSE,aucune_lettre
valid,xemay2202_jpg.rf.204536595006348f0414dbd5b1b28099.jpg,C:\Users\ibnal\Desktop\PROJET IA X3\archive\valid\xemay2202_jpg.rf.204536595006348f0414dbd5b1b28099.jpg,data/processed/plates_cropped\valid_3_xemay2202_jpg.rf.204536595006348f0414dbd5b1b28099.jpg,278,129,317,153,97PT,0.286,PT,97,,2,2,0,4,DOUTEUSE,confiance_moyenne
valid,xemay2216_jpg.rf.a37579ccc7f74c2eca1d0c9754d734c7.jpg,C:\Users\ibnal\Desktop\PROJET IA X3\archive\valid\xemay2216_jpg.rf.a37579ccc7f74c2eca1d0c9754d734c7.jpg,data/processed/plates_cropped\valid_4_xemay2216_jpg.rf.a37579ccc7f74c2eca1d0c9754d734c7.jpg,206,158,238,183,537,0.1607,,537,,0,3,0,3,ILLISIBLE,confiance_trop_faible
valid,xemay672_jpg.rf.6edae72fd30583544ce46f33ddfa420e.jpg,C:\Users\ibnal\Desktop\PROJET IA X3\archive\valid\xemay672_jpg.rf.6edae72fd30583544ce46f33ddfa420e.jpg,data/processed/plates_cropped\valid_5_xemay672_jpg.rf.6edae72fd30583544ce46f33ddfa420e.jpg,161,107,255,183,3511,0.3638,,3511,,0,4,0,4,DOUTEUSE,aucune_lettre
valid,CarLongPlateGen168_jpg.rf.29bf532bfdb59655acb84fc2405fa19d.jpg,C:\Users\ibnal\Desktop\PROJET IA X3\archive\valid\CarLongPlateGen168_jpg.rf.29bf532bfdb59655acb84fc2405fa19d.jpg,data/processed/plates_cropped\valid_6_CarLongPlateGen168_jpg.rf.29bf532bfdb59655acb84fc2405fa19d.jpg,215,193,263,212,I6.34,0.2884,I,634,.,1,3,1,5,DOUTEUSE,confiance_moyenne
valid,CarLongPlateGen2290_jpg.rf.f737274546f22d258dea1ac91aadf2d7.jpg,C:\Users\ibnal\Desktop\PROJET IA X3\archive\valid\CarLongPlateGen2290_jpg.rf.f737274546f22d258dea1ac91aadf2d7.jpg,data/processed/plates_cropped\valid_7_CarLongPlateGen2290_jpg.rf.f737274546f22d258dea1ac91aadf2d7.jpg,252,188,381,225,61G.394 66,0.4785,G,6139466,. ,1,7,2,10,DOUTEUSE,confiance_moyenne
valid,CarLongPlateGen1724_jpg.rf.e8056cf830a995d235f07765c3b5ccfd.jpg,C:\Users\ibnal\Desktop\PROJET IA X3\archive\valid\CarLongPlateGen1724_jpg.rf.e8056cf830a995d235f07765c3b5ccfd.jpg,data/processed/plates_cropped\valid_8_CarLongPlateGen1724_jpg.rf.e8056cf830a995d235f07765c3b5ccfd.jpg,206,196,298,223,6.373.07,0.7684,,637307,..,0,6,2,8,DOUTEUSE,aucune_lettre
valid,CarLongPlateGen2336_jpg.rf.751fae24ceb008d80853cb9613fd5c60.jpg,C:\Users\ibnal\Desktop\PROJET IA X3\archive\valid\CarLongPlateGen2336_jpg.rf.751fae24ceb008d80853cb9613fd5c60.jpg,data/processed/plates_cropped\valid_9_CarLongPlateGen2336_jpg.rf.751fae24ceb008d80853cb9613fd5c60.jpg,252,178,382,212,61G 00672,0.5934,G,6100672, ,1,7,1,9,CONFORME,format_valide
valid,boderquandoi19_jpg.rf.ceb6cb21955a4f20cf6b7bd982d8810b.jpg,C:\Users\ibnal\Desktop\PROJET IA X3\archive\valid\boderquandoi19_jpg.rf.ceb6cb21955a4f20cf6b7bd982d8810b.jpg,data/processed/plates_cropped\valid_10_boderquandoi19_jpg.rf.ceb6cb21955a4f20cf6b7bd982d8810b.jpg,220,165,242,173,,0.0,,,,0,0,0,0,ILLISIBLE,texte_vide
valid,CarLongPlateGen2358_jpg.rf.995fd29482dde0f33f1e94be7514689e.jpg,C:\Users\ibnal\Desktop\PROJET IA X3\archive\valid\CarLongPlateGen2358_jpg.rf.995fd29482dde0f33f1e94be7514689e.jpg,data/processed/plates_cropped\valid_11_CarLongPlateGen2358_jpg.rf.995fd29482dde0f33f1e94be7514689e.jpg,232,220,356,253,SOLD OLL,0.4047,SOLDOLL,, ,7,0,1,8,DOUTEUSE,aucun_chiffre
valid,CarLongPlateGen316_jpg.rf.2aa2049d1e048bb37f9508bb20d6ae93.jpg,C:\Users\ibnal\Desktop\PROJET IA X3\archive\valid\CarLongPlateGen316_jpg.rf.2aa2049d1e048bb37f9508bb20d6ae93.jpg,data/processed/plates_cropped\valid_12_CarLongPlateGen316_jpg.rf.2aa2049d1e048bb37f9508bb20d6ae93.jpg,225,209,276,225,,0.0,,,,0,0,0,0,ILLISIBLE,texte_vide
valid,CarLongPlateGen572_jpg.rf.dafba6a29ce54afe570d8a004cca7896.jpg,C:\Users\ibnal\Desktop\PROJET IA X3\archive\valid\CarLongPlateGen572_jpg.rf.dafba6a29ce54afe570d8a004cca7896.jpg,data/processed/plates_cropped\valid_13_CarLongPlateGen572_jpg.rf.dafba6a29ce54afe570d8a004cca7896.jpg,197,150,236,165,W7 81,0.3471,W,781, ,1,3,1,5,DOUTEUSE,confiance_moyenne
valid,CarLongPlateGen2327_jpg.rf.9e99252a3a840fea449ead0a219391f1.jpg,C:\Users\ibnal\Desktop\PROJET IA X3\archive\valid\CarLongPlateGen2327_jpg.rf.9e99252a3a840fea449ead0a219391f1.jpg,data/processed/plates_cropped\valid_14_CarLongPlateGen2327_jpg.rf.9e99252a3a840fea449ead0a219391f1.jpg,247,126,365,173,616.51332,0.7522,,61651332,.,0,8,1,9,DOUTEUSE,aucune_lettre
valid,xemay2215_jpg.rf.63572781160d8fbcd13a84b8a59670af.jpg,C:\Users\ibnal\Desktop\PROJET IA X3\archive\valid\xemay2215_jpg.rf.63572781160d8fbcd13a84b8a59670af.jpg,data/processed/plates_cropped\valid_15_xemay2215_jpg.rf.63572781160d8fbcd13a84b8a59670af.jpg,270,120,313,148,59973,0.5558,,59973,,0,5,0,5,DOUTEUSE,aucune_lettre
valid,CarLongPlateGen2314_jpg.rf.ef30beadf045eccec19459af7d438705.jpg,C:\Users\ibnal\Desktop\PROJET IA X3\archive\valid\CarLongPlateGen2314_jpg.rf.ef30beadf045eccec19459af7d438705.jpg,data/processed/plates_cropped\valid_16_CarLongPlateGen2314_jpg.rf.ef30beadf045eccec19459af7d438705.jpg,195,239,335,277,GOA-038.68,0.8826,GOA,03868,-.,3,5,2,10,CONFORME,format_valide
valid,xemay2175_jpg.rf.f67a41bf991440fab0180fac4e691a67.jpg,C:\Users\ibnal\Desktop\PROJET IA X3\archive\valid\xemay2175_jpg.rf.f67a41bf991440fab0180fac4e691a67.jpg,data/processed/plates_cropped\valid_17_xemay2175_jpg.rf.f67a41bf991440fab0180fac4e691a67.jpg,120,99,170,130,6U LZ,0.4306,ULZ,6, ,3,1,1,5,DOUTEUSE,confiance_moyenne
valid,xemay2173_jpg.rf.011e225c8cce8591e362bdf58cb40258.jpg,C:\Users\ibnal\Desktop\PROJET IA X3\archive\valid\xemay2173_jpg.rf.011e225c8cce8591e362bdf58cb40258.jpg,data/processed/plates_cropped\valid_18_xemay2173_jpg.rf.011e225c8cce8591e362bdf58cb40258.jpg,219,135,273,174,6273,0.4564,,6273,,0,4,0,4,DOUTEUSE,aucune_lettre
valid,CarLongPlateGen514_jpg.rf.031ff4817ea06bf31b22ac67085f96e7.jpg,C:\Users\ibnal\Desktop\PROJET IA X3\archive\valid\CarLongPlateGen514_jpg.rf.031ff4817ea06bf31b22ac67085f96e7.jpg,data/processed/plates_cropped\valid_19_CarLongPlateGen514_jpg.rf.031ff4817ea06bf31b22ac67085f96e7.jpg,195,229,247,241,,0.0,,,,0,0,0,0,ILLISIBLE,texte_vide
valid,CarLongPlateGen2339_jpg.rf.ec619087f30bec768bebb5a9e008a0e3.jpg,C:\Users\ibnal\Desktop\PROJET IA X3\archive\valid\CarLongPlateGen2339_jpg.rf.ec619087f30bec768bebb5a9e008a0e3.jpg,data/processed/plates_cropped\valid_20_CarLongPlateGen2339_jpg.rf.ec619087f30bec768bebb5a9e008a0e3.jpg,336,242,439,265,614775.29,0.6406,,61477529,.,0,8,1,9,DOUTEUSE,aucune_lettre
valid,CarLongPlateGen2305_jpg.rf.82a07486bf6876e9cc8caaca30f9c536.jpg,C:\Users\ibnal\Desktop\PROJET IA X3\archive\valid\CarLongPlateGen2305_jpg.rf.82a07486bf6876e9cc8caaca30f9c536.jpg,data/processed/plates_cropped\valid_21_CarLongPlateGen2305_jpg.rf.82a07486bf6876e9cc8caaca30f9c536.jpg,214,218,357,263,6116169,0.4522,,6116169,,0,7,0,7,DOUTEUSE,aucune_lettre
valid,xemay2227_jpg.rf.ce29c9c362b05bd75a4be4530cdaf222.jpg,C:\Users\ibnal\Desktop\PROJET IA X3\archive\valid\xemay2227_jpg.rf.ce29c9c362b05bd75a4be4530cdaf222.jpg,data/processed/plates_cropped\valid_22_xemay2227_jpg.rf.ce29c9c362b05bd75a4be4530cdaf222.jpg,227,80,273,130,1650,0.3011,,1650,,0,4,0,4,DOUTEUSE,aucune_lettre
valid,xemay702_jpg.rf.615bcbfcfa8193906b3ddd68902e637a.jpg,C:\Users\ibnal\Desktop\PROJET IA X3\archive\valid\xemay702_jpg.rf.615bcbfcfa8193906b3ddd68902e637a.jpg,data/processed/plates_cropped\valid_23_xemay702_jpg.rf.615bcbfcfa8193906b3ddd68902e637a.jpg,171,167,270,252,11649,0.5404,,11649,,0,5,0,5,DOUTEUSE,aucune_lettre
valid,CarLongPlate71_jpg.rf.cf32c3cc462389d5f8ef8eebc7a87219.jpg,C:\Users\ibnal\Desktop\PROJET IA X3\archive\valid\CarLongPlate71_jpg.rf.cf32c3cc462389d5f8ef8eebc7a87219.jpg,data/processed/plates_cropped\valid_24_CarLongPlate71_jpg.rf.cf32c3cc462389d5f8ef8eebc7a87219.jpg,221,137,303,159,52Y-6490,0.8386,Y,526490,-,1,6,1,8,CONFORME,format_valide
valid,xemay696_jpg.rf.72f698ca503a8fb1d0656c8cedc49dc7.jpg,C:\Users\ibnal\Desktop\PROJET IA X3\archive\valid\xemay696_jpg.rf.72f698ca503a8fb1d0656c8cedc49dc7.jpg,data/processed/plates_cropped\valid_25_xemay696_jpg.rf.72f698ca503a8fb1d0656c8cedc49dc7.jpg,163,66,253,134,026.73,0.6691,,02673,.,0,5,1,6,DOUTEUSE,aucune_lettre
valid,xemay738_jpg.rf.edac0c6171aa28822df19844b1ceff01.jpg,C:\Users\ibnal\Desktop\PROJET IA X3\archive\valid\xemay738_jpg.rf.edac0c6171aa28822df19844b1ceff01.jpg,data/processed/plates_cropped\valid_26_xemay738_jpg.rf.edac0c6171aa28822df19844b1ceff01.jpg,201,29,280,101,474.04,0.6285,,47404,.,0,5,1,6,DOUTEUSE,aucune_lettre
valid,CarLongPlateGen1656_jpg.rf.1e101fefe1a167f8aa7a0c6234029d37.jpg,C:\Users\ibnal\Desktop\PROJET IA X3\archive\valid\CarLongPlateGen1656_jpg.rf.1e101fefe1a167f8aa7a0c6234029d37.jpg,data/processed/plates_cropped\valid_27_CarLongPlateGen1656_jpg.rf.1e101fefe1a167f8aa7a0c6234029d37.jpg,235,211,318,237,61B21668,0.4081,B,6121668,,1,7,0,8,DOUTEUSE,confiance_moyenne
valid,xemay712_jpg.rf.96bda4dade6061a0f3287bac08bb553d.jpg,C:\Users\ibnal\Desktop\PROJET IA X3\archive\valid\xemay712_jpg.rf.96bda4dade6061a0f3287bac08bb553d.jpg,data/processed/plates_cropped\valid_28_xemay712_jpg.rf.96bda4dade6061a0f3287bac08bb553d.jpg,206,129,299,215,82-B1,0.2677,B,821,-,1,3,1,5,DOUTEUSE,confiance_moyenne
valid,xemay681_jpg.rf.c4e32015786c2f0018a89da946d3a9a8.jpg,C:\Users\ibnal\Desktop\PROJET IA X3\archive\valid\xemay681_jpg.rf.c4e32015786c2f0018a89da946d3a9a8.jpg,data/processed/plates_cropped\valid_29_xemay681_jpg.rf.c4e32015786c2f0018a89da946d3a9a8.jpg,126,66,220,140,459.00,0.3804,,45900,.,0,5,1,6,DOUTEUSE,aucune_lettre
valid,CarLongPlateGen562_jpg.rf.624e230c93122f1f3f792d21a8056287.jpg,C:\Users\ibnal\Desktop\PROJET IA X3\archive\valid\CarLongPlateGen562_jpg.rf.624e230c93122f1f3f792d21a8056287.jpg,data/processed/plates_cropped\valid_30_CarLongPlateGen562_jpg.rf.624e230c93122f1f3f792d21a8056287.jpg,155,169,203,181,G4ZM,0.106,GZM,4,,3,1,0,4,ILLISIBLE,confiance_trop_faible
valid,CarLongPlateGen549_jpg.rf.ec2c422c6b4727f5d72f5ab05ce4c8c7.jpg,C:\Users\ibnal\Desktop\PROJET IA X3\archive\valid\CarLongPlateGen549_jpg.rf.ec2c422c6b4727f5d72f5ab05ce4c8c7.jpg,data/processed/plates_cropped\valid_31_CarLongPlateGen549_jpg.rf.ec2c422c6b4727f5d72f5ab05ce4c8c7.jpg,253,213,311,221,,0.0,,,,0,0,0,0,ILLISIBLE,texte_vide
valid,CarLongPlateGen2298_jpg.rf.4a5e69ce9eb3501fd58c65835daaa0ce.jpg,C:\Users\ibnal\Desktop\PROJET IA X3\archive\valid\CarLongPlateGen2298_jpg.rf.4a5e69ce9eb3501fd58c65835daaa0ce.jpg,data/processed/plates_cropped\valid_32_CarLongPlateGen2298_jpg.rf.4a5e69ce9eb3501fd58c65835daaa0ce.jpg,231,197,343,242,61037307,0.9117,,61037307,,0,8,0,8,DOUTEUSE,aucune_lettre
valid,CarLongPlate79_jpg.rf.a9d3feb80baee16a1577660ec853b973.jpg,C:\Users\ibnal\Desktop\PROJET IA X3\archive\valid\CarLongPlate79_jpg.rf.a9d3feb80baee16a1577660ec853b973.jpg,data/processed/plates_cropped\valid_33_CarLongPlate79_jpg.rf.a9d3feb80baee16a1577660ec853b973.jpg,137,137,253,163,6F.687.84,0.6524,F,668784,..,1,6,2,9,CONFORME,format_valide
valid,CarLongPlateGen502_jpg.rf.d615e982e2bff27200b3a440bcfbf304.jpg,C:\Users\ibnal\Desktop\PROJET IA X3\archive\valid\CarLongPlateGen502_jpg.rf.d615e982e2bff27200b3a440bcfbf304.jpg,data/processed/plates_cropped\valid_34_CarLongPlateGen502_jpg.rf.d615e982e2bff27200b3a440bcfbf304.jpg,268,176,328,190,,0.0,,,,0,0,0,0,ILLISIBLE,texte_vide
valid,CarLongPlateGen546_jpg.rf.7f7b57534ebc9641278282b4ae3a14a1.jpg,C:\Users\ibnal\Desktop\PROJET IA X3\archive\valid\CarLongPlateGen546_jpg.rf.7f7b57534ebc9641278282b4ae3a14a1.jpg,data/processed/plates_cropped\valid_35_CarLongPlateGen546_jpg.rf.7f7b57534ebc9641278282b4ae3a14a1.jpg,245,146,277,158,23,0.0625,,23,,0,2,0,2,ILLISIBLE,confiance_trop_faible
valid,xemay2191_jpg.rf.6d31e573787f062d9aead9938f1c0082.jpg,C:\Users\ibnal\Desktop\PROJET IA X3\archive\valid\xemay2191_jpg.rf.6d31e573787f062d9aead9938f1c0082.jpg,data/processed/plates_cropped\valid_36_xemay2191_jpg.rf.6d31e573787f062d9aead9938f1c0082.jpg,201,195,239,229,206.70,0.5734,,20670,.,0,5,1,6,DOUTEUSE,aucune_lettre
valid,xemay2195_jpg.rf.500d2df928df90b495caa664b778de69.jpg,C:\Users\ibnal\Desktop\PROJET IA X3\archive\valid\xemay2195_jpg.rf.500d2df928df90b495caa664b778de69.jpg,data/processed/plates_cropped\valid_37_xemay2195_jpg.rf.500d2df928df90b495caa664b778de69.jpg,195,65,232,92,5013,0.4502,,5013,,0,4,0,4,DOUTEUSE,aucune_lettre
valid,CarLongPlate730_jpg.rf.d903170bddb042a73960aa3b49a8222a.jpg,C:\Users\ibnal\Desktop\PROJET IA X3\archive\valid\CarLongPlate730_jpg.rf.d903170bddb042a73960aa3b49a8222a.jpg,data/processed/plates_cropped\valid_38_CarLongPlate730_jpg.rf.d903170bddb042a73960aa3b49a8222a.jpg,242,175,338,203,61F.22261,0.7093,F,6122261,.,1,7,1,9,CONFORME,format_valide
valid,xemay669_jpg.rf.f8d03468363e58173ad2a84591d84089.jpg,C:\Users\ibnal\Desktop\PROJET IA X3\archive\valid\xemay669_jpg.rf.f8d03468363e58173ad2a84591d84089.jpg,data/processed/plates_cropped\valid_39_xemay669_jpg.rf.f8d03468363e58173ad2a84591d84089.jpg,175,81,264,154,52 F7,0.4677,F,527, ,1,3,1,5,DOUTEUSE,confiance_moyenne
valid,CarLongPlateGen564_jpg.rf.4aae3e07d0cdfb50fdcf7b3dda1d957e.jpg,C:\Users\ibnal\Desktop\PROJET IA X3\archive\valid\CarLongPlateGen564_jpg.rf.4aae3e07d0cdfb50fdcf7b3dda1d957e.jpg,data/processed/plates_cropped\valid_40_CarLongPlateGen564_jpg.rf.4aae3e07d0cdfb50fdcf7b3dda1d957e.jpg,280,167,325,178,04L,0.0453,L,04,,1,2,0,3,ILLISIBLE,confiance_trop_faible
valid,CarLongPlateGen2311_jpg.rf.2701dd231182ca078c3fbafc637f21a2.jpg,C:\Users\ibnal\Desktop\PROJET IA X3\archive\valid\CarLongPlateGen2311_jpg.rf.2701dd231182ca078c3fbafc637f21a2.jpg,data/processed/plates_cropped\valid_41_CarLongPlateGen2311_jpg.rf.2701dd231182ca078c3fbafc637f21a2.jpg,281,131,423,187,897414,0.264,,897414,,0,6,0,6,DOUTEUSE,aucune_lettre
valid,WhatsApp-Image-2022-04-04-at-2-25-07-PM_jpeg_jpg.rf.087a02ab366c35f01460361f14fe7eaf.jpg,C:\Users\ibnal\Desktop\PROJET IA X3\archive\valid\WhatsApp-Image-2022-04-04-at-2-25-07-PM_jpeg_jpg.rf.087a02ab366c35f01460361f14fe7eaf.jpg,data/processed/plates_cropped\valid_42_WhatsApp-Image-2022-04-04-at-2-25-07-PM_jpeg_jpg.rf.087a02ab366c35f01460361f14fe7eaf.jpg,469,707,980,920,NPT-31-20,0.9966,NPT,3120,--,3,4,2,9,CONFORME,format_valide
valid,CarLongPlate72_jpg.rf.b27c2b873c8035ca3c4ff44aae33b050.jpg,C:\Users\ibnal\Desktop\PROJET IA X3\archive\valid\CarLongPlate72_jpg.rf.b27c2b873c8035ca3c4ff44aae33b050.jpg,data/processed/plates_cropped\valid_43_CarLongPlate72_jpg.rf.b27c2b873c8035ca3c4ff44aae33b050.jpg,250,230,349,254,6F-16159,0.4473,F,616159,-,1,6,1,8,DOUTEUSE,confiance_moyenne
valid,xemay2179_jpg.rf.beb2b9fbd33b07cffc19753cea67d479.jpg,C:\Users\ibnal\Desktop\PROJET IA X3\archive\valid\xemay2179_jpg.rf.beb2b9fbd33b07cffc19753cea67d479.jpg,data/processed/plates_cropped\valid_44_xemay2179_jpg.rf.beb2b9fbd33b07cffc19753cea67d479.jpg,222,127,272,157,59-11,0.546,,5911,-,0,4,1,5,DOUTEUSE,aucune_lettre
valid,xemay2225_jpg.rf.a3053e189ccf82f73febb387c128ecc8.jpg,C:\Users\ibnal\Desktop\PROJET IA X3\archive\valid\xemay2225_jpg.rf.a3053e189ccf82f73febb387c128ecc8.jpg,data/processed/plates_cropped\valid_45_xemay2225_jpg.rf.a3053e189ccf82f73febb387c128ecc8.jpg,172,70,229,106,7L83,0.4354,L,783,,1,3,0,4,DOUTEUSE,confiance_moyenne
valid,CarLongPlate784_jpg.rf.ab3905f4ed0990a0720cbf6e41cf7a77.jpg,C:\Users\ibnal\Desktop\PROJET IA X3\archive\valid\CarLongPlate784_jpg.rf.ab3905f4ed0990a0720cbf6e41cf7a77.jpg,data/processed/plates_cropped\valid_46_CarLongPlate784_jpg.rf.ab3905f4ed0990a0720cbf6e41cf7a77.jpg,135,221,230,244,610.37307,0.7174,,61037307,.,0,8,1,9,DOUTEUSE,aucune_lettre
valid,CarLongPlateGen535_jpg.rf.1af5c2ed0142666646d2a39efd70a7b7.jpg,C:\Users\ibnal\Desktop\PROJET IA X3\archive\valid\CarLongPlateGen535_jpg.rf.1af5c2ed0142666646d2a39efd70a7b7.jpg,data/processed/plates_cropped\valid_47_CarLongPlateGen535_jpg.rf.1af5c2ed0142666646d2a39efd70a7b7.jpg,237,169,296,184,IUN 33441,0.183,IUN,33441, ,3,5,1,9,ILLISIBLE,confiance_trop_faible
valid,WM64UMA_jpg.rf.a935200d7293230725ac65563f6f9c8b.jpg,C:\Users\ibnal\Desktop\PROJET IA X3\archive\valid\WM64UMA_jpg.rf.a935200d7293230725ac65563f6f9c8b.jpg,data/processed/plates_cropped\valid_48_WM64UMA_jpg.rf.a935200d7293230725ac65563f6f9c8b.jpg,246,256,347,291,W64,0.3304,W,64,,1,2,0,3,DOUTEUSE,confiance_moyenne
valid,xemay2222_jpg.rf.0b9e26dc9b5c5bc1ad5838fc6402ca39.jpg,C:\Users\ibnal\Desktop\PROJET IA X3\archive\valid\xemay2222_jpg.rf.0b9e26dc9b5c5bc1ad5838fc6402ca39.jpg,data/processed/plates_cropped\valid_49_xemay2222_jpg.rf.0b9e26dc9b5c5bc1ad5838fc6402ca39.jpg,176,141,227,171,54 RL,0.3856,RL,54, ,2,2,1,5,DOUTEUSE,confiance_moyenne
